60,398,-67
60,401,-68
60,401,-68
62,401,-68
63,397,-67
64,399,-72
65,401,-200
66,402,-67
67,401,-67
67,402,-200
71,229,-67
71,230,-68
71,237,-67
71,265,-74
72,233,-68
72,272,-72
72,402,-200
73,244,-67
73,247,-66
73,404,-67
74,260,-77
75,248,-66
75,400,-200
77,402,-67
77,403,-67
78,229,-67
79,264,-74
79,399,-73
80,294,-73
81,252,-66
81,400,-67
81,400,-67
82,255,-74
83,247,-69
83,254,-68
83,402,-73
84,303,-73
85,238,-69
85,288,-72
86,284,-72
86,401,-72
87,301,-73
88,368,-76
89,305,-69
89,383,-76
91,234,-69
91,262,-65
91,262,-65
92,306,-69
92,358,-76
93,265,-67
94,267,-67
94,401,-72
97,232,-69
98,269,-67
98,353,-76
98,353,-200
98,354,-76
100,230,-69
100,326,-73
100,329,-68
100,401,-69
101,307,-73
101,337,-68
102,333,-68
102,394,-69
102,399,-69
103,272,-73
103,342,-69
103,380,-76
104,321,-73
105,273,-70
105,349,-200
105,349,-200
105,349,-69
105,350,-200
106,378,-76
108,276,-70
109,291,-70
110,235,-70
110,303,-68
110,308,-68
111,277,-70
112,230,-69
112,283,-70
113,314,-69
118,330,-69
118,333,-68
120,266,-73
120,271,-75
120,333,-68
120,334,-66
121,266,-75
121,370,-76
122,231,-68
122,336,-67
123,271,-73
123,277,-75
123,283,-75
123,336,-67
123,357,-62
124,353,-62
124,366,-70
125,267,-70
125,288,-72
125,349,-63
125,349,-62
125,366,-70
126,261,-70
128,340,-67
128,342,-63
129,338,-63
130,342,-63
131,249,-73
132,299,-72
133,230,-68
133,238,-70
133,321,-71
133,330,-71
133,337,-74
134,245,-73
134,311,-72
134,334,-67
136,345,-74
137,346,-63
138,241,-73
138,332,-67
139,237,-70
139,348,-74
140,349,-64
140,351,-64
141,234,-69
142,234,-69
142,351,-67
142,351,-67
143,336,-67
144,230,-69
144,351,-70
145,232,-69
145,235,-76
146,353,-67
147,229,-69
148,234,-71
148,353,-71
148,354,-71
148,354,-74
150,355,-60
151,226,-72
151,340,-67
151,355,-74
152,356,-70
153,227,-72
154,341,-65
154,357,-70
155,227,-68
156,355,-60
157,341,-65
158,355,-62
158,355,-62
158,355,-62
158,357,-71
159,230,-71
160,225,-68
161,353,-62
162,223,-69
162,353,-64
162,357,-71
163,223,-69
163,226,-70
164,217,-71
164,219,-69
165,225,-70
165,352,-64
170,223,-70
170,354,-69
172,341,-65
173,221,-69
175,220,-69
175,352,-64
177,351,-57
178,221,-70
178,351,-61
179,218,-69
179,220,-70
179,221,-71
180,352,-63
180,352,-57
182,353,-63
182,353,-69
183,222,-71
185,342,-68
187,220,-72
187,342,-68
187,353,-63
188,342,-65
189,350,-64
190,218,-69
190,222,-70
192,353,-59
193,219,-72
193,222,-70
194,341,-65
194,349,-64
195,218,-72
195,219,-72
197,217,-66
197,341,-65
197,355,-59
198,216,-72
198,219,-71
201,355,-65
202,215,-75
202,219,-67
202,219,-71
202,342,-61
202,349,-67
204,220,-66
204,354,-65
206,220,-75
206,344,-62
206,352,-68
206,352,-68
207,220,-67
207,220,-75
207,221,-74
207,351,-67
208,223,-74
208,345,-61
208,354,-62
209,220,-75
209,345,-64
211,350,-60
212,345,-64
213,350,-60
214,222,-68
214,350,-60
215,219,-67
216,342,-64
216,356,-63
218,221,-75
219,220,-67
219,350,-60
220,221,-73
222,222,-68
225,221,-71
227,350,-60
229,221,-68
230,221,-71
230,221,-73
232,348,-61
233,216,-69
233,354,-63
234,221,-68
234,221,-73
234,222,-68
237,214,-74
237,221,-70
237,347,-61
238,345,-58
238,345,-58
239,346,-59
242,347,-59
243,211,-74
243,221,-73
244,351,-64
246,346,-60
248,222,-70
248,342,-61
248,348,-64
249,346,-64
250,213,-69
252,220,-74
252,347,-60
253,223,-68
254,212,-69
255,219,-74
255,337,-61
255,347,-60
257,227,-68
260,350,-61
261,212,-67
261,344,-58
262,222,-74
262,329,-60
263,228,-69
263,350,-61
264,213,-67
264,326,-60
267,227,-69
268,213,-67
268,327,-55
270,222,-74
270,227,-68
270,348,-56
271,213,-68
271,214,-68
273,345,-60
275,218,-74
277,212,-68
277,225,-68
278,330,-55
279,225,-67
279,225,-67
280,350,-56
283,222,-70
284,344,-60
286,217,-69
286,349,-56
288,213,-68
289,222,-70
295,336,-55
296,347,-56
297,222,-68
298,210,-67
298,213,-69
300,340,-62
302,209,-67
304,223,-68
304,340,-58
305,347,-56
310,207,-69
310,210,-69
311,348,-62
312,223,-71
312,342,-58
312,343,-56
316,343,-57
318,350,-64
319,205,-69
319,212,-69
320,221,-71
322,206,-68
322,224,-70
322,342,-56
322,342,-56
323,209,-68
323,215,-69
323,345,-57
325,352,-64
326,224,-66
327,215,-71
327,344,-56
327,344,-57
327,344,-57
328,344,-56
328,345,-56
332,212,-70
332,346,-57
332,346,-56
333,217,-71
333,344,-56
334,343,-56
334,348,-57
334,349,-55
336,231,-67
337,210,-70
337,218,-71
337,350,-55
337,352,-64
339,224,-70
339,343,-57
340,217,-71
341,218,-69
341,350,-50
342,215,-68
342,349,-56
342,349,-50
343,345,-57
343,349,-55
343,349,-56
343,352,-60
344,357,-55
346,216,-67
346,231,-67
347,345,-56
347,346,-55
348,345,-56
348,346,-55
349,216,-67
350,340,-55
352,350,-60
354,208,-70
354,340,-55
354,343,-58
358,351,-64
359,228,-68
359,340,-56
359,345,-58
360,218,-67
361,338,-56
362,210,-71
363,338,-57
364,344,-52
365,219,-66
365,339,-57
365,350,-64
366,229,-68
367,218,-64
367,219,-66
367,219,-64
367,228,-72
367,231,-72
367,342,-52
367,350,-64
369,220,-64
370,344,-52
370,351,-59
372,218,-64
373,216,-67
374,214,-71
375,215,-67
375,228,-71
375,344,-54
375,364,-55
376,229,-70
376,353,-60
377,337,-57
379,217,-68
380,217,-68
380,345,-54
381,217,-68
381,217,-66
381,229,-70
381,353,-60
382,217,-66
382,229,-71
382,337,-61
383,347,-53
384,218,-66
384,227,-70
384,359,-56
385,347,-53
386,352,-59
387,215,-68
387,337,-61
389,215,-68
389,228,-66
390,225,-68
390,346,-55
391,227,-68
391,227,-66
391,228,-67
391,360,-56
392,211,-71
392,347,-55
392,353,-59
393,221,-66
394,215,-68
396,216,-68
396,216,-68
396,216,-63
396,221,-66
396,353,-58
397,338,-61
398,215,-69
400,349,-55
400,360,-56
401,216,-69
401,220,-66
402,349,-55
404,216,-69
404,351,-58
406,215,-69
406,215,-69
406,348,-54
406,358,-52
408,222,-70
409,213,-65
410,222,-62
410,230,-67
410,338,-55
411,350,-58
412,224,-62
413,213,-65
413,349,-54
414,213,-69
415,224,-67
416,350,-58
416,354,-52
418,353,-54
420,211,-69
420,349,-58
420,349,-59
420,351,-51
421,215,-66
421,338,-55
422,214,-66
422,222,-67
422,350,-57
423,223,-67
424,352,-51
424,352,-54
425,350,-57
427,213,-66
428,224,-67
428,352,-57
429,352,-56
429,353,-56
430,350,-50
430,352,-57
431,225,-62
431,352,-57
432,348,-50
433,351,-57
434,340,-52
435,215,-65
435,351,-60
436,210,-69
437,224,-62
437,346,-49
437,352,-60
438,352,-55
439,209,-69
440,584,-38
441,216,-65
441,577,-36
441,582,-36
441,587,-38
441,591,-37
441,600,-36
441,600,-36
442,220,-62
442,596,-37
442,598,-36
443,340,-52
443,573,-38
444,347,-49
444,454,-46
444,568,-39
445,456,-44
445,565,-39
445,571,-38
446,563,-41
446,586,-15
446,587,-11
447,215,-62
447,353,-58
447,447,-46
447,458,-44
447,556,-41
447,559,-41
447,582,-15
447,588,-11
448,208,-69
448,219,-63
448,340,-60
448,443,-46
448,446,-46
448,590,-8
448,602,-36
449,348,-49
449,421,-49
449,431,-49
449,440,-43
449,553,-43
450,347,-49
450,354,-58
450,406,-47
450,434,-49
450,462,-43
450,551,-43
451,436,-43
452,339,-60
452,346,-49
452,418,-47
452,431,-43
452,434,-49
452,468,-43
452,483,-41
452,549,-41
452,593,-8
452,594,-9
452,604,-37
453,213,-62
453,355,-58
453,473,-43
453,480,-37
453,480,-43
453,488,-41
454,400,-45
454,479,-37
454,584,-38
454,598,-9
454,599,-10
455,354,-55
455,441,-48
455,497,-43
455,503,-43
455,561,-23
455,564,-17
455,580,-16
456,212,-64
456,219,-63
456,338,-60
456,405,-44
456,411,-44
456,476,-43
456,566,-17
456,571,-16
456,584,-38
456,597,-10
456,597,-10
456,598,-10
457,212,-64
457,416,-44
457,422,-44
457,434,-49
457,447,-48
457,545,-41
457,552,-23
458,402,-44
458,434,-41
458,436,-41
458,449,-43
458,451,-43
458,474,-37
458,516,-40
458,543,-37
458,543,-37
458,545,-41
458,547,-41
458,589,-10
458,603,-37
459,219,-66
459,397,-45
459,455,-43
459,471,-42
459,532,-37
459,539,-41
459,593,-38
459,601,-27
460,208,-67
460,347,-51
460,354,-49
460,469,-41
460,471,-41
460,471,-41
461,219,-66
461,400,-47
461,465,-46
461,467,-41
461,521,-40
461,527,-40
462,212,-67
462,461,-46
462,480,-42
462,480,-42
462,481,-42
463,354,-49
463,431,-45
463,478,-42
463,489,-43
463,539,-38
463,598,-38
464,600,-27
465,209,-67
465,353,-49
465,387,-47
465,538,-38
466,387,-47
466,425,-45
466,428,-45
466,602,-15
467,348,-51
467,423,-44
467,428,-45
468,340,-58
468,352,-56
468,399,-47
468,421,-47
468,422,-44
469,340,-58
469,348,-52
469,497,-43
469,536,-42
470,418,-43
470,418,-43
470,419,-47
470,502,-43
471,211,-63
471,217,-53
471,217,-53
471,389,-47
471,437,-48
471,608,-15
472,423,-45
473,212,-67
473,503,-41
474,212,-63
474,338,-60
474,352,-54
474,413,-43
475,349,-52
475,611,-15
476,392,-45
476,413,-45
476,535,-42
477,352,-54
477,408,-49
477,505,-41
477,612,-15
477,612,-17
478,350,-52
478,411,-44
478,437,-48
478,597,-39
478,613,-17
479,407,-49
480,211,-61
480,391,-44
480,391,-44
480,391,-44
480,509,-43
480,535,-43
480,614,-24
481,211,-61
481,399,-42
481,399,-47
481,436,-48
482,353,-54
482,397,-42
482,400,-47
483,335,-60
483,407,-44
484,353,-54
485,330,-60
485,350,-52
485,436,-50
486,213,-61
486,338,-55
486,342,-56
486,345,-56
486,395,-44
486,510,-43
487,335,-58
487,335,-55
487,339,-55
487,347,-53
487,353,-51
487,353,-55
487,354,-51
487,369,-54
487,395,-44
487,396,-45
487,618,-24
488,326,-57
488,333,-57
488,335,-58
488,352,-52
488,354,-53
488,362,-54
488,395,-44
488,597,-39
489,394,-44
489,394,-44
490,381,-53
490,394,-46
490,398,-44
490,597,-41
491,379,-53
491,510,-43
491,620,-25
492,213,-61
492,355,-54
492,387,-57
492,390,-45
492,390,-47
492,390,-45
492,390,-47
492,390,-47
492,391,-47
492,395,-48
492,396,-47
492,406,-45
493,288,-58
493,309,-59
493,352,-52
493,393,-46
493,396,-44
493,396,-44
493,396,-44
493,396,-46
493,396,-46
494,217,-63
494,218,-63
494,233,-66
494,318,-57
494,324,-62
494,352,-54
494,382,-53
494,385,-49
494,386,-54
494,393,-46
494,400,-49
494,400,-49
494,539,-40
494,539,-40
494,539,-41
494,539,-41
494,539,-43
494,594,-41
495,321,-62
495,384,-53
495,510,-39
496,218,-63
496,272,-55
496,303,-59
496,319,-62
496,391,-43
496,392,-48
496,392,-48
496,438,-50
496,623,-25
497,267,-61
497,298,-58
497,312,-60
497,354,-54
497,394,-54
497,438,-50
498,216,-59
498,219,-65
498,299,-58
498,306,-60
498,353,-58
498,368,-57
498,389,-43
498,623,-24
499,297,-62
499,305,-58
499,369,-57
499,387,-44
499,397,-44
499,401,-44
499,409,-44
500,216,-59
500,217,-67
500,298,-62
500,355,-54
500,375,-43
501,350,-58
501,387,-46
501,387,-46
501,387,-44
501,389,-49
501,587,-41
501,622,-24
502,293,-62
502,387,-44
502,398,-43
502,402,-45
503,397,-49
503,397,-49
503,419,-44
503,426,-44
503,436,-44
504,311,-57
504,347,-58
504,366,-52
504,369,-64
504,370,-64
504,385,-43
504,387,-44
504,388,-43
504,587,-41
505,222,-66
505,238,-61
505,253,-61
505,367,-60
505,437,-44
506,288,-64
506,443,-48
506,449,-48
506,622,-26
507,220,-65
507,233,-59
507,264,-57
507,272,-57
507,285,-64
507,291,-56
507,294,-56
507,303,-57
507,323,-57
507,355,-64
507,355,-64
507,366,-52
507,388,-45
508,220,-65
508,228,-57
508,239,-64
508,300,-57
508,343,-59
508,367,-60
508,367,-60
508,389,-45
508,399,-48
508,509,-39
509,225,-57
509,287,-61
509,390,-48
509,390,-48
510,235,-59
510,247,-59
510,259,-57
510,268,-58
510,278,-64
510,280,-59
510,285,-59
510,330,-55
510,331,-62
510,367,-60
510,389,-45
510,398,-48
510,401,-48
511,219,-67
511,262,-60
511,265,-60
511,270,-58
511,303,-61
511,313,-62
511,336,-55
511,340,-52
511,583,-41
511,622,-26
512,222,-57
512,255,-58
512,257,-58
512,353,-52
512,389,-45
512,584,-41
513,243,-59
513,247,-59
513,253,-58
513,331,-57
513,336,-59
514,238,-59
514,279,-64
514,294,-61
514,296,-61
514,321,-59
514,401,-48
514,583,-41
514,621,-26
515,237,-59
515,274,-64
515,280,-64
515,302,-59
515,361,-62
515,583,-38
516,231,-59
516,253,-64
516,340,-62
516,390,-48
517,257,-58
517,285,-65
517,348,-62
517,451,-42
517,452,-48
517,620,-17
518,219,-53
518,264,-58
518,582,-41
519,277,-65
519,618,-17
521,222,-59
521,269,-65
521,451,-48
521,475,-42
522,359,-50
522,387,-48
523,217,-53
523,219,-59
523,387,-40
524,216,-53
524,219,-59
525,355,-63
525,394,-40
525,614,-34
526,220,-58
528,213,-67
530,214,-61
530,219,-58
530,357,-50
532,218,-60
532,393,-43
532,451,-50
532,580,-41
533,613,-34
534,394,-43
535,214,-61
535,395,-43
535,579,-41
535,613,-27
537,351,-63
537,451,-50
537,612,-27
538,494,-41
539,580,-41
539,612,-35
540,398,-43
541,356,-50
541,492,-41
541,611,-35
542,216,-60
544,217,-60
544,400,-43
544,454,-49
544,512,-47
544,526,-37
544,534,-37
544,577,-36
545,449,-50
546,357,-50
546,507,-47
546,612,-25
547,218,-60
547,489,-42
547,489,-42
547,490,-42
547,507,-40
547,511,-35
547,520,-35
547,539,-36
548,502,-40
548,508,-35
548,576,-36
549,403,-43
549,494,-38
549,500,-40
549,541,-36
549,610,-25
550,210,-67
550,217,-60
551,489,-48
551,563,-38
551,575,-36
551,609,-37
552,406,-43
552,548,-38
552,551,-38
553,218,-62
553,574,-38
553,607,-37
554,348,-58
554,461,-49
555,352,-52
555,462,-49
556,206,-67
556,218,-62
556,605,-38
557,410,-44
558,219,-61
558,349,-58
558,350,-59
558,351,-59
558,604,-38
560,604,-37
561,449,-43
563,216,-63
563,349,-52
563,413,-44
564,220,-61
564,352,-60
564,457,-49
564,467,-45
565,218,-63
565,473,-48
565,600,-37
566,418,-44
566,419,-44
567,218,-63
567,349,-50
567,352,-60
567,423,-45
567,430,-45
567,473,-45
568,219,-63
568,437,-43
569,218,-61
569,219,-65
569,479,-43
569,524,-43
569,569,-44
569,570,-44
569,571,-39
569,572,-39
569,574,-38
569,574,-38
569,575,-37
569,591,-35
569,593,-35
569,598,-35
570,205,-67
570,350,-50
570,484,-43
570,489,-43
570,518,-43
570,539,-40
570,566,-42
570,576,-37
570,579,-38
571,509,-44
571,537,-40
571,541,-37
571,542,-37
571,543,-39
571,562,-42
571,583,-38
571,588,-35
572,494,-43
572,503,-44
572,507,-44
572,536,-40
573,217,-67
573,220,-65
573,469,-52
573,528,-38
573,532,-38
573,548,-39
573,559,-40
574,352,-63
574,534,-41
574,534,-41
574,535,-40
574,551,-39
574,555,-39
574,557,-40
575,349,-53
575,498,-44
577,216,-67
577,350,-63
580,351,-53
581,208,-65
582,216,-63
582,221,-61
584,350,-53
585,215,-65
585,216,-63
586,350,-61
587,208,-65
587,214,-65
588,223,-61
589,350,-51
589,352,-61
593,213,-63
593,213,-63
593,349,-51
595,213,-64
596,211,-64
597,224,-65
600,209,-65
600,350,-63
601,225,-65
602,351,-63
604,351,-54
606,214,-64
607,226,-64
609,351,-60
610,213,-70
612,217,-63
613,352,-54
614,351,-60
617,353,-59
618,220,-66
619,226,-64
619,353,-59
620,353,-61
621,222,-66
621,355,-61
622,352,-54
626,226,-68
628,217,-64
628,358,-61
630,351,-54
632,227,-67
633,225,-68
633,353,-63
634,224,-68
634,224,-65
634,224,-67
634,226,-66
636,213,-67
637,226,-70
640,223,-72
641,220,-64
644,223,-65
645,228,-67
645,351,-56
648,351,-54
648,356,-63
648,464,-52
648,466,-52
650,209,-67
650,224,-72
650,458,-51
650,460,-52
652,353,-54
652,456,-51
653,224,-65
653,454,-53
653,455,-53
654,452,-51
655,354,-54
655,469,-52
656,360,-62
658,224,-72
659,223,-65
659,448,-51
660,470,-52
661,210,-69
662,224,-67
662,224,-67
662,353,-54
662,423,-54
662,426,-54
662,445,-52
663,415,-51
663,429,-55
664,223,-67
664,223,-67
664,433,-55
665,411,-52
665,437,-52
665,441,-52
666,220,-65
666,222,-70
666,353,-55
666,410,-51
666,417,-53
666,422,-52
666,428,-52
666,434,-52
667,353,-55
667,412,-53
667,414,-53
667,434,-54
667,435,-54
668,356,-62
668,405,-42
669,353,-54
669,403,-42
669,441,-55
670,211,-69
670,219,-66
671,353,-54
672,220,-70
672,464,-61
673,447,-55
673,466,-52
673,466,-52
673,466,-52
674,353,-54
675,212,-69
675,217,-66
676,216,-69
676,354,-63
676,426,-52
676,426,-52
676,426,-58
677,215,-69
678,451,-55
679,215,-67
679,220,-68
680,455,-55
680,455,-55
680,465,-53
680,466,-53
681,456,-55
681,457,-55
681,457,-54
681,457,-54
681,465,-53
682,210,-69
682,352,-56
682,458,-55
682,458,-54
682,473,-61
683,460,-54
684,213,-67
685,484,-58
686,350,-61
687,588,-59
688,210,-69
688,213,-64
689,220,-68
689,220,-68
689,220,-68
689,583,-59
690,351,-63
690,426,-58
691,214,-64
691,219,-69
691,576,-59
692,211,-69
692,349,-61
692,567,-56
693,213,-63
693,349,-58
694,501,-58
694,561,-56
695,349,-58
696,212,-69
696,213,-63
696,414,-57
696,421,-57
696,553,-59
697,219,-69
697,420,-56
697,424,-56
697,424,-56
697,424,-56
697,424,-56
697,548,-59
698,219,-69
698,349,-62
698,350,-59
698,420,-56
698,562,-51
698,569,-51
698,584,-59
699,510,-54
699,546,-58
699,554,-51
699,578,-51
700,213,-69
700,352,-59
700,541,-63
700,541,-63
700,543,-58
701,355,-59
702,219,-70
703,516,-54
703,519,-55
703,538,-63
704,219,-70
704,360,-57
705,216,-63
705,216,-69
705,421,-53
705,426,-53
705,522,-55
706,543,-53
707,220,-68
707,353,-62
707,438,-55
709,212,-68
709,217,-68
709,359,-57
710,212,-62
712,439,-55
712,439,-55
712,536,-53
713,379,-62
714,213,-69
714,357,-59
714,453,-55
715,213,-62
715,220,-68
716,353,-67
717,214,-67
717,220,-70
718,213,-70
719,213,-70
720,213,-67
720,441,-52
721,444,-51
721,444,-51
721,523,-52
722,212,-69
722,212,-70
722,499,-52
722,507,-52
723,220,-71
723,513,-52
723,516,-52
724,448,-51
724,485,-53
724,493,-53
725,355,-67
725,460,-55
725,480,-50
726,372,-62
726,460,-51
726,473,-50
728,355,-59
729,210,-69
729,219,-71
729,470,-55
730,210,-72
730,218,-71
731,218,-70
733,208,-72
733,218,-70
733,354,-63
733,355,-63
734,358,-67
734,358,-67
735,365,-64
736,219,-73
737,212,-72
740,208,-72
740,351,-62
740,365,-63
740,365,-63
743,220,-73
744,213,-79
746,210,-69
746,210,-73
746,210,-73
746,221,-73
746,224,-73
747,211,-69
747,354,-64
749,224,-73
750,225,-73
751,209,-69
755,224,-75
757,213,-79
758,349,-62
759,227,-75
760,214,-79
762,359,-66
763,209,-74
764,216,-74
767,218,-74
773,213,-73
773,348,-62
774,213,-73
774,358,-66
774,529,-62
774,535,-66
774,540,-66
775,225,-73
775,527,-62
776,563,-69
777,214,-73
777,543,-67
778,571,-64
779,548,-67
780,348,-61
780,527,-69
781,554,-64
782,537,-69
783,215,-66
783,224,-73
783,557,-64
784,215,-74
785,356,-68
786,561,-64
788,353,-60
789,216,-68
789,353,-60
789,566,-64
790,214,-69
791,223,-73
792,215,-68
792,358,-68
793,569,-67
795,352,-60
795,586,-64
796,357,-68
797,222,-73
797,361,-67
798,359,-68
798,362,-67
799,573,-67
800,210,-69
802,215,-68
802,575,-66
803,353,-60
805,223,-70
806,362,-71
807,361,-71
810,578,-66
811,354,-60
812,206,-73
813,357,-67
813,594,-65
814,215,-70
814,355,-59
816,205,-73
816,356,-67
816,577,-61
817,223,-70
820,213,-70
820,355,-67
821,576,-61
822,354,-67
823,215,-73
823,215,-71
823,215,-71
823,355,-59
824,214,-73
824,220,-73
825,355,-63
826,205,-73
827,356,-67
827,394,-53
830,576,-66
831,215,-69
831,356,-70
831,401,-53
832,218,-73
832,218,-73
833,352,-63
833,352,-63
833,577,-66
833,596,-65
834,216,-69
834,218,-73
834,218,-73
834,356,-70
834,357,-68
835,203,-72
836,217,-70
836,217,-70
836,404,-65
838,219,-73
838,239,-69
838,351,-63
838,357,-68
838,578,-63
840,222,-71
840,225,-72
841,226,-72
841,226,-72
842,219,-71
842,578,-63
843,233,-69
843,350,-63
843,355,-70
844,356,-70
844,408,-65
844,578,-69
845,349,-64
845,599,-62
847,227,-71
847,228,-71
847,228,-72
847,236,-69
847,597,-62
847,597,-62
847,597,-67
848,202,-72
848,229,-69
848,411,-67
848,598,-67
849,227,-74
849,347,-64
849,580,-69
850,219,-72
850,580,-64
851,599,-67
852,223,-68
852,363,-71
852,581,-64
853,202,-70
853,346,-65
853,416,-67
853,418,-67
854,221,-70
854,346,-65
855,236,-68
855,236,-68
855,426,-67
855,601,-67
856,433,-66
856,436,-66
857,344,-63
857,586,-64
858,218,-72
858,441,-63
858,442,-63
858,444,-63
859,206,-70
859,222,-69
859,600,-68
860,587,-64
861,346,-63
861,599,-68
862,228,-74
862,480,-64
863,598,-67
864,363,-71
864,484,-66
864,484,-66
864,585,-61
865,348,-63
865,473,-64
866,211,-72
866,222,-71
866,348,-62
866,460,-64
866,465,-69
866,469,-69
867,486,-68
867,491,-68
867,491,-69
868,218,-69
868,347,-69
869,519,-64
869,525,-71
869,529,-71
869,585,-61
869,597,-67
870,211,-72
870,347,-69
870,360,-70
870,533,-65
870,537,-65
870,585,-63
872,221,-71
872,496,-69
872,499,-68
872,503,-68
872,544,-63
873,426,-66
873,506,-67
873,507,-67
873,509,-67
873,513,-64
873,555,-63
873,597,-69
875,346,-65
875,511,-67
875,582,-61
876,432,-64
876,566,-61
876,578,-61
877,597,-69
877,597,-65
878,212,-73
878,597,-65
879,210,-70
879,441,-64
879,595,-64
879,595,-64
879,595,-64
879,595,-64
882,221,-72
882,345,-65
882,444,-66
882,594,-64
884,214,-73
884,219,-74
884,219,-74
884,452,-66
885,585,-64
886,548,-64
886,553,-64
886,558,-64
887,206,-70
887,354,-70
887,464,-64
887,539,-63
887,541,-63
887,547,-68
887,564,-64
887,569,-64
887,575,-64
888,345,-65
888,543,-68
889,539,-67
890,353,-73
890,468,-64
890,469,-64
890,470,-64
891,474,-66
891,478,-66
891,489,-65
891,524,-68
891,524,-68
892,353,-73
892,355,-75
892,482,-65
892,525,-63
892,525,-63
892,526,-68
892,534,-64
892,537,-67
893,499,-69
893,511,-64
893,514,-68
893,518,-68
893,523,-65
893,527,-74
893,530,-74
893,531,-64
894,222,-72
894,344,-66
894,503,-69
894,522,-67
894,523,-65
894,523,-73
894,523,-73
895,511,-64
895,523,-63
895,523,-63
895,523,-67
896,343,-66
898,205,-66
898,227,-75
898,227,-75
900,220,-81
900,223,-72
900,339,-68
901,338,-68
902,355,-75
903,338,-67
904,207,-66
905,224,-81
906,224,-73
906,520,-69
906,533,-69
907,209,-67
907,209,-69
907,224,-75
907,224,-75
907,537,-69
907,539,-76
908,225,-73
908,356,-75
908,515,-71
908,517,-72
908,540,-76
908,542,-77
909,335,-68
909,336,-69
909,336,-69
909,475,-72
909,477,-73
909,502,-70
909,508,-71
910,219,-70
910,335,-68
910,418,-73
910,437,-74
910,462,-73
910,464,-73
910,483,-70
910,496,-70
911,224,-72
911,334,-68
911,432,-73
911,445,-74
911,470,-73
911,470,-72
911,479,-73
912,426,-73
912,456,-73
913,357,-68
914,412,-74
914,545,-76
915,408,-74
915,410,-74
916,210,-67
916,224,-72
916,405,-74
916,541,-64
916,547,-64
917,356,-68
917,402,-74
918,559,-64
919,399,-74
919,551,-71
919,556,-66
919,567,-64
920,226,-72
920,324,-69
920,329,-69
920,358,-73
920,401,-74
920,536,-64
920,547,-71
920,559,-66
921,331,-69
921,568,-64
922,209,-67
922,326,-69
922,393,-74
922,539,-71
922,560,-66
923,364,-73
923,372,-72
923,551,-76
923,581,-69
923,584,-69
924,225,-73
924,381,-72
925,230,-72
925,296,-73
925,304,-72
925,319,-69
925,563,-63
925,588,-66
926,225,-73
926,536,-67
927,388,-62
927,398,-62
927,522,-72
927,532,-62
927,571,-67
927,621,-70
928,208,-68
928,227,-72
928,308,-72
928,533,-67
928,564,-63
929,273,-71
929,284,-72
929,286,-73
929,314,-69
929,507,-73
929,556,-74
929,565,-63
930,209,-68
930,380,-65
930,501,-73
930,529,-73
930,593,-66
931,232,-73
931,253,-70
931,256,-70
931,403,-69
931,495,-71
931,499,-71
931,527,-73
932,232,-72
932,246,-76
932,260,-70
932,483,-71
932,497,-71
932,523,-72
932,577,-67
932,619,-67
932,619,-70
933,210,-68
933,232,-73
933,249,-76
933,252,-75
933,375,-65
933,411,-69
933,419,-67
933,457,-74
933,650,-76
934,232,-71
934,264,-75
934,264,-70
934,309,-69
934,407,-69
934,414,-68
934,464,-74
934,471,-74
934,525,-62
934,627,-67
935,233,-71
935,234,-74
935,240,-74
935,284,-71
935,372,-67
935,432,-68
935,434,-67
935,443,-73
935,450,-73
935,524,-73
935,559,-74
935,569,-60
935,572,-67
936,293,-69
936,301,-69
936,409,-69
936,596,-66
937,208,-68
937,265,-70
937,273,-72
937,317,-70
937,524,-67
938,443,-65
938,457,-62
938,501,-63
938,520,-62
938,538,-72
938,636,-75
938,652,-76
939,238,-75
939,323,-70
939,392,-70
939,397,-70
939,405,-69
939,455,-65
939,487,-65
939,490,-65
939,493,-65
939,497,-63
939,498,-63
939,568,-67
939,571,-60
939,635,-67
939,652,-71
940,460,-62
940,466,-62
940,468,-62
940,476,-62
940,508,-62
940,515,-62
940,523,-67
941,207,-75
941,481,-62
941,542,-76
941,649,-71
942,247,-69
942,521,-67
942,560,-74
942,568,-64
942,646,-74
943,287,-67
943,369,-67
943,387,-70
943,573,-70
943,596,-66
944,241,-68
944,251,-69
944,257,-72
944,294,-67
944,563,-61
944,574,-70
944,619,-67
944,639,-75
945,300,-65
945,336,-70
945,336,-70
945,630,-74
945,637,-67
945,639,-74
946,216,-72
946,269,-67
946,328,-70
946,382,-71
946,576,-69
946,616,-70
947,206,-75
947,262,-72
947,275,-67
947,344,-70
947,347,-64
947,381,-71
947,429,-66
947,434,-65
947,439,-65
947,518,-68
947,547,-76
947,561,-74
948,235,-68
948,307,-71
948,308,-66
948,327,-71
948,352,-64
948,365,-62
948,603,-70
949,305,-65
949,378,-73
949,420,-69
949,426,-66
949,443,-68
949,559,-61
949,578,-69
949,651,-68
950,357,-62
950,361,-62
950,372,-71
950,374,-73
950,448,-68
950,516,-68
950,644,-75
950,647,-68
951,321,-62
951,324,-67
951,330,-70
951,415,-69
951,456,-65
951,560,-64
951,642,-67
952,288,-73
952,300,-73
952,318,-62
952,549,-76
952,550,-76
952,599,-66
952,612,-67
952,643,-71
952,644,-68
952,645,-68
953,257,-69
953,260,-69
953,268,-71
953,276,-71
953,312,-66
953,458,-65
953,512,-70
954,230,-68
954,252,-68
954,370,-70
954,591,-72
954,607,-67
955,329,-74
955,409,-69
955,549,-75
955,584,-72
955,643,-71
956,512,-70
956,643,-72
957,330,-74
957,604,-66
958,226,-68
958,244,-68
958,330,-67
958,550,-75
958,554,-74
958,557,-77
959,222,-68
959,366,-70
959,553,-74
960,203,-76
960,329,-67
960,333,-67
960,510,-68
960,553,-74
961,461,-65
961,557,-76
961,636,-72
962,216,-72
962,220,-71
962,365,-70
963,237,-71
963,402,-72
963,465,-65
963,558,-78
964,397,-72
965,204,-76
966,216,-74
966,336,-67
966,391,-72
966,508,-68
966,558,-78
967,640,-75
968,364,-72
968,558,-80
968,605,-66
969,558,-80
969,602,-68
970,470,-64
970,557,-77
970,639,-75
970,652,-69
970,652,-69
971,205,-75
971,218,-71
971,327,-67
971,327,-70
971,340,-67
971,638,-72
972,630,-72
973,206,-75
973,216,-74
973,327,-70
973,387,-70
973,636,-72
974,329,-72
974,477,-64
974,477,-64
974,560,-80
975,628,-70
975,633,-70
976,507,-68
977,233,-71
978,342,-67
978,365,-72
978,478,-68
978,597,-68
978,602,-68
978,602,-68
978,602,-70
978,602,-70
978,602,-70
978,602,-70
978,602,-66
978,602,-66
978,602,-68
978,602,-68
979,216,-74
980,385,-70
980,559,-77
982,331,-72
982,479,-68
982,507,-73
982,562,-80
982,596,-78
983,204,-75
983,363,-75
984,345,-68
984,345,-67
985,216,-72
985,385,-70
985,560,-77
986,494,-67
986,494,-67
986,560,-77
987,217,-75
987,230,-72
987,330,-69
988,330,-69
988,507,-73
989,205,-73
989,386,-70
989,482,-69
989,563,-80
991,215,-72
991,329,-69
991,363,-75
991,590,-78
992,483,-69
992,560,-78
993,218,-75
993,329,-69
993,565,-79
994,360,-74
994,386,-71
995,215,-70
995,499,-69
995,561,-78
996,343,-68
996,485,-69
996,507,-73
998,217,-75
999,329,-68
999,359,-74
999,385,-71
1000,340,-70
1001,206,-73
1001,563,-80
1001,564,-79
1002,216,-70
1003,224,-72
1004,385,-74
1004,563,-80
1005,563,-81
1005,563,-81
1005,563,-81
1005,563,-81
1005,563,-81
1006,216,-74
1006,338,-70
1007,330,-68
1007,358,-79
1007,505,-70
1008,207,-75
1008,488,-70
1008,562,-78
1009,357,-79
1009,386,-74
1010,216,-74
1010,356,-79
1011,225,-76
1013,564,-80
1014,206,-75
1014,217,-74
1015,356,-75
1015,563,-80
1015,563,-82
1016,356,-75
1016,386,-67
1017,219,-74
1017,484,-70
1018,228,-76
1018,502,-68
1018,504,-70
1018,560,-80
1019,215,-74
1019,338,-70
1019,497,-76
1019,498,-76
1019,498,-73
1019,499,-73
1019,503,-68
1019,560,-80
1020,215,-74
1020,331,-68
1020,387,-67
1020,561,-80
1020,561,-82
1021,206,-81
1022,387,-70
1022,498,-76
1023,356,-76
1023,482,-70
1024,228,-76
1024,481,-69
1025,215,-76
1026,228,-74
1026,330,-68
1026,356,-76
1026,387,-70
1027,215,-76
1027,221,-75
1027,221,-75
1027,338,-70
1027,481,-69
1028,207,-81
1028,501,-73
1028,502,-73
1028,502,-73
1029,221,-80
1029,221,-80
1029,228,-74
1029,388,-63
1030,388,-63
1030,481,-70
1031,220,-80
1032,388,-63
1032,493,-73
1033,217,-78
1033,329,-68
1033,356,-77
1034,388,-70
1034,478,-70
1035,208,-81
1035,337,-70
1036,209,-77
1037,328,-68
1037,388,-70
1037,478,-70
1038,210,-77
1039,218,-78
1039,355,-77
1040,230,-81
1041,337,-70
1043,217,-77
1044,327,-69
1044,356,-77
1044,390,-68
1044,480,-72
1045,357,-76
1045,486,-73
1046,214,-77
1046,217,-77
1046,222,-79
1047,391,-68
1048,337,-70
1048,391,-68
1049,230,-81
1049,481,-72
1050,359,-77
1051,223,-79
1051,230,-81
1052,225,-78
1053,337,-70
1053,337,-70
1054,229,-81
1054,481,-73
1055,220,-79
1055,220,-79
1055,361,-77
1056,325,-69
1056,390,-73
1058,224,-78
1058,388,-73
1059,337,-69
1059,482,-75
1060,227,-81
1060,325,-69
1060,480,-73
1061,479,-73
1062,324,-68
1062,479,-76
1063,226,-83
1063,337,-69
1063,478,-76
1064,222,-78
1065,323,-68
1065,388,-71
1065,477,-73
1065,480,-75
1066,360,-77
1067,226,-83
1067,477,-74
1068,222,-78
1068,326,-68
1068,480,-71
1069,220,-81
1069,221,-78
1069,226,-83
1069,226,-83
1070,220,-81
1070,337,-69
1071,226,-83
1071,387,-71
1071,477,-74
1072,223,-78
1072,327,-68
1072,337,-69
1072,477,-74
1072,478,-71
1073,337,-69
1073,360,-76
1073,387,-73
1075,227,-83
1077,226,-83
1077,327,-68
1077,386,-73
1078,223,-81
1079,225,-83
1079,360,-76
1084,327,-74
1086,339,-70
1087,361,-77
1087,386,-73
1089,342,-70
1092,346,-70
1092,385,-72
1094,362,-77
1096,325,-74
1097,385,-72
1098,349,-69
1100,362,-77
1100,362,-79
1104,325,-75
1104,325,-75
1104,360,-79
1105,384,-70
1107,359,-75
1107,359,-75
1107,359,-69
1108,324,-73
1110,378,-69
1113,380,-70
1114,374,-70
1116,323,-73
1117,323,-73
1117,323,-73
1117,323,-73
1117,323,-70
1118,358,-69
1119,368,-70
1120,364,-69
1123,355,-74
1123,375,-65
1123,375,-65
1123,375,-68
1123,375,-68
1124,346,-74
1124,351,-74
1125,329,-70
1125,329,-72
1127,332,-72
1127,338,-74
1127,341,-74
1128,341,-74
