84.37002563476563,227.71536254882813,-39,54
88.00901794433594,228.714111328125,-39,48
90.89576721191406,228.714111328125,-39,48
93.92173767089844,229.71286010742188,-38,48
93.92173767089844,229.71286010742188,-38,48
95.86103820800781,227.2159881591797,-37,48
104.03465270996094,226.71661376953125,-37,48
109.91429138183594,226.71661376953125,-37,48
112.84889221191406,226.71661376953125,-41,48
113.86077880859375,226.71661376953125,-41,48
117.08113098144531,225.7178497314453,-45,48
119.34271240234375,225.7178497314453,-45,48
120.96128845214844,225.7178497314453,-45,48
123.19937133789063,225.7178497314453,-43,48
123.19937133789063,225.7178497314453,-43,48
128.7935028076172,225.7178497314453,-43,48
133.88194274902344,224.71910095214844,-43,48
152.9291534423828,226.71661376953125,-44,48
154.8149871826172,227.7427978515625,-44,48
155.83592224121094,227.71536254882813,-42,48
157.81295776367188,225.7178497314453,-42,48
165.30677795410156,224.71910095214844,-43,48
169.90444946289063,222.7216033935547,-43,48
173.300537109375,220.72410583496094,-44,48
176.853271484375,220.72410583496094,-44,48
178.82476806640625,220.72410583496094,-45,48
181.03591918945313,220.72410583496094,-45,48
181.03591918945313,220.72410583496094,-46,48
181.79391479492188,222.22222900390625,-46,48
181.79391479492188,222.22222900390625,-47,48
181.79391479492188,222.22222900390625,-47,48
181.79391479492188,222.22222900390625,-45,48
181.79391479492188,222.22222900390625,-45,48
182.79312133789063,223.11883544921875,-46,48
184.79385375976563,222.7216033935547,-46,48
184.79156494140625,221.7212371826172,-48,48
185.80813598632813,221.7228546142578,-48,48
180.794677734375,234.7066192626953,-50,48
180.794677734375,234.7066192626953,-50,48
191.96627807617188,232.70912170410156,-50,48
191.96627807617188,232.70912170410156,-50,48
194.80343627929688,232.70912170410156,-52,48
204.27633666992188,228.714111328125,-52,48
209.84890747070313,230.71160888671875,-52,48
217.84051513671875,229.71286010742188,-52,48
223.85015869140625,228.714111328125,-52,48
235.3624267578125,229.71286010742188,-52,54
245.0927734375,227.71536254882813,-49,54
248.79898071289063,226.71661376953125,-49,54
257.2349548339844,223.22097778320313,-54,54
272.1934814453125,221.7228546142578,-54,54
307.516845703125,214.73158264160156,-49,54
326.0338134765625,209.7378387451172,-49,54
336.033203125,219.08592224121094,-50,54
344.16705322265625,222.7216033935547,-50,54
350.162353515625,226.71661376953125,-44,54
354.8272705078125,227.71536254882813,-44,54
356.6705322265625,228.7273406982422,-44,54
365.7209777832031,228.714111328125,-55,54
370.7406921386719,228.714111328125,-55,54
371.9882507324219,229.71286010742188,-48,54
374.64324951171875,231.7314453125,-48,54
378.8231201171875,232.70912170410156,-50,54
388.7513427734375,230.71160888671875,-50,54
398.7134094238281,230.71160888671875,-50,54
404.646240234375,226.71661376953125,-50,54
410.9712829589844,225.7178497314453,-50,54
414.6120300292969,227.21600341796875,-49,54
416.6104736328125,231.94284057617188,-49,54
417.62896728515625,231.7103729248047,-49,54
426.96710205078125,234.7066192626953,-49,54
438.59326171875,232.70912170410156,-52,54
443.0897216796875,232.70912170410156,-52,54
452.082763671875,229.71286010742188,-54,54
455.5841064453125,227.71536254882813,-54,54
457.57843017578125,226.47845458984375,-54,54
457.849853515625,217.72784423828125,-54,54
454.580810546875,210.23721313476563,-54,54
406.6182556152344,223.72035217285156,-55,54
406.6182556152344,223.72035217285156,-55,54
406.6182556152344,223.72035217285156,-51,54
414.6120300292969,229.85882568359375,-51,54
418.9793701171875,229.71286010742188,-50,54
425.72357177734375,229.71286010742188,-50,54
439.951416015625,230.71160888671875,-52,54
445.0882568359375,229.71286010742188,-52,54
449.584716796875,228.6355438232422,-53,54
449.584716796875,227.68153381347656,-53,54
453.58160400390625,225.21847534179688,-56,54
459.07733154296875,223.72035217285156,-56,54
458.57769775390625,222.6688995361328,-50,54
464.81219482421875,221.7228546142578,-50,54
469.569091796875,224.08485412597656,-57,54
473.56597900390625,227.76353454589844,-57,54
479.929443359375,229.71286010742188,-54,54
483.92340087890625,229.71286010742188,-54,54
483.55816650390625,231.8101043701172,-54,54
483.55816650390625,231.8101043701172,-55,54
486.9119873046875,230.71160888671875,-55,54
494.56298828125,228.714111328125,-56,54
504.56146240234375,223.72035217285156,-56,54
511.68353271484375,223.72035217285156,-57,54
518.03125,225.7178497314453,-57,54
520.5633544921875,227.71536254882813,-57,54
520.5633544921875,227.71536254882813,-57,54
525.5484619140625,227.71536254882813,-56,54
528.6431274414063,227.71536254882813,-56,54
531.568359375,227.71536254882813,-52,54
534.0186767578125,225.7178497314453,-52,54
541.8882446289063,224.71910095214844,-52,54
552.004638671875,225.7178497314453,-52,54
555.5343017578125,225.7178497314453,-48,54
561.5620727539063,226.71661376953125,-48,54
571.8491821289063,229.71286010742188,-47,54
581.8507080078125,229.71286010742188,-47,54
598.8397216796875,229.71286010742188,-48,54
603.6082153320313,231.7103729248047,-48,54
613.817138671875,232.70912170410156,-50,54
619.6314086914063,233.70787048339844,-50,54
624.5182495117188,233.70787048339844,-50,54
629.5338134765625,232.70912170410156,-50,54
637.5607299804688,232.70912170410156,-50,54
639.4364013671875,230.33934020996094,-49,54
643.7892456054688,229.71286010742188,-49,54
647.4331665039063,229.71286010742188,-49,54
650.5166015625,229.71286010742188,-49,54
653.4625854492188,228.714111328125,-51,54
655.4238891601563,227.6703338623047,-51,54
656.423095703125,225.70359802246094,-46,54
665.5174560546875,224.71910095214844,-46,54
671.4412231445313,221.7228546142578,-46,54
677.6460571289063,221.7228546142578,-46,54
683.4144897460938,221.7228546142578,-47,54
687.9805908203125,219.725341796875,-47,54
691.6446533203125,218.72659301757813,-49,54
697.4813842773438,219.725341796875,-49,54
699.3931884765625,219.725341796875,-46,54
702.6347045898438,219.725341796875,-46,54
704.417724609375,219.725341796875,-48,54
707.4228515625,219.725341796875,-48,54
710.47021484375,220.72410583496094,-49,54
716.3762817382813,222.74847412109375,-49,54
724.4581909179688,222.7216033935547,-49,54
731.7249145507813,223.72035217285156,-49,54
739.5946044921875,224.71910095214844,-55,54
748.3900146484375,224.71910095214844,-55,54
756.4635009765625,224.71910095214844,-55,54
763.339599609375,219.3598175048828,-55,54
767.33642578125,220.22471618652344,-55,54
768.48046875,218.72659301757813,-55,54
773.5726928710938,219.725341796875,-51,54
778.327880859375,215.35670471191406,-51,54
786.5,215.7303466796875,-47,54
796.6734008789063,218.72659301757813,-47,54
805.4166259765625,219.725341796875,-47,54
815.6543579101563,220.72410583496094,-49,54
828.5732421875,224.00466918945313,-49,54
831.3219604492188,224.71910095214844,-49,54
836.5241088867188,227.71536254882813,-52,54
837.2817993164063,229.01036071777344,-52,54
837.2817993164063,229.73458862304688,-52,54
838.3138427734375,230.71160888671875,-50,54
839.2802734375,232.20974731445313,-50,54
838.281005859375,233.20849609375,-54,54
838.281005859375,233.7130584716797,-54,54
841.8492431640625,236.70413208007813,-52,54
850.2716674804688,240.1997528076172,-52,54
857.7657470703125,243.6953887939453,-52,54
858.2794189453125,243.6953887939453,-53,54
872.2545166015625,240.51954650878906,-55,54
883.7454833984375,236.70413208007813,-55,54
894.2908935546875,232.70912170410156,-62,54
909.3442993164063,232.70912170410156,-62,54
915.2569580078125,229.71286010742188,-62,54
920.457275390625,230.71160888671875,-62,54
928.4478149414063,229.71286010742188,-62,54
934.2775268554688,228.714111328125,-58,54
937.703369140625,226.71661376953125,-58,54
946.085205078125,226.71661376953125,-62,54
963.998046875,230.71160888671875,-62,54
987.3389892578125,226.5424041748047,-62,54
1022.9713134765625,222.7216033935547,-62,54
1028.1549072265625,222.7216033935547,-62,54
1028.1549072265625,222.7216033935547,-62,54
1025.891845703125,220.48175048828125,-57,54
1014.1436767578125,217.72784423828125,-63,54
1003.791015625,218.72659301757813,-63,54
997.0123291015625,218.72659301757813,-64,54
989.268310546875,217.72784423828125,-64,54
983.078857421875,215.7303466796875,-59,54
978.0281982421875,212.7340850830078,-59,54
974.1748046875,209.71304321289063,-59,54
971.17724609375,207.28219604492188,-63,54
969.035888671875,206.7415771484375,-63,54
964.080322265625,207.74032592773438,-61,54
959.107666015625,208.73907470703125,-61,54
953.011474609375,210.73658752441406,-61,54
945.01806640625,211.73533630371094,-61,54
938.1799926757813,212.7340850830078,-57,54
933.06298828125,212.7340850830078,-57,54
923.975830078125,212.7340850830078,-62,54
915.1787719726563,212.7340850830078,-62,54
910.1058349609375,211.73533630371094,-60,24
906.1262817382813,210.6349334716797,-60,24
899.2333984375,207.56317138671875,-59,24
894.0923461914063,205.59796142578125,-59,24
891.1511840820313,202.74656677246094,-59,24
884.065673828125,199.7503204345703,-59,24
880.0702514648438,197.7528076171875,-59,36
873.2066040039063,194.75656127929688,-58,36
870.2560424804688,195.11985778808594,-58,36
894.2373046875,213.7328338623047,-57,36
894.2373046875,213.7328338623047,-57,36
879.4840087890625,212.7340850830078,-65,36
871.0767822265625,212.7340850830078,-65,36
866.1163940429688,212.7340850830078,-63,36
855.919189453125,212.7340850830078,-63,36
847.2532348632813,211.73533630371094,-63,36
839.7799072265625,210.73658752441406,-61,36
831.1669921875,209.7378387451172,-61,36
822.2103271484375,209.7378387451172,-61,36
814.1177978515625,207.74032592773438,-61,36
805.947021484375,204.74407958984375,-62,36
798.9542846679688,204.74407958984375,-62,36
786.96240234375,202.74656677246094,-62,36
777.3731689453125,200.7490692138672,-61,36
773.29931640625,200.7490692138672,-61,36
771.3192749023438,200.7490692138672,-60,36
770.2451782226563,201.74781799316406,-60,36
766.3272705078125,200.7490692138672,-62,11
761.2688598632813,203.8175811767578,-62,11
754.71142578125,207.74032592773438,-64,11
749.3505249023438,208.7760467529297,-64,11
744.2650756835938,209.7378387451172,-60,11
740.3489990234375,209.7378387451172,-60,11
736.0101318359375,211.73533630371094,-57,11
732.9895629882813,213.7328338623047,-57,11
739.3583374023438,217.72784423828125,-56,11
739.3583374023438,217.72784423828125,-56,11
739.3583374023438,217.72784423828125,-65,11
739.3583374023438,217.72784423828125,-65,11
739.3583374023438,217.72784423828125,-59,11
739.3583374023438,217.72784423828125,-59,11
739.3583374023438,217.72784423828125,-58,11
739.3583374023438,217.72784423828125,-58,11
730.864990234375,219.725341796875,-59,11
729.3386840820313,219.725341796875,-59,11
726.3157958984375,217.72784423828125,-60,11
721.3001098632813,215.7303466796875,-60,11
715.233154296875,214.73158264160156,-57,11
713.3574829101563,216.72909545898438,-57,11
709.2926635742188,216.72909545898438,-57,11
704.890625,215.7303466796875,-59,11
701.3172607421875,215.7303466796875,-59,11
695.3372802734375,215.7303466796875,-59,11
694.35595703125,215.7303466796875,-59,11
692.1581420898438,213.49606323242188,-59,11
687.2562255859375,211.73533630371094,-56,11
677.9063720703125,217.72784423828125,-56,11
674.4010620117188,218.72659301757813,-55,11
668.354736328125,218.72659301757813,-55,11
664.2368774414063,216.72909545898438,-55,11
658.3606567382813,217.72784423828125,-59,11
654.380126953125,216.72909545898438,-59,11
649.2852783203125,215.7303466796875,-59,11
648.42529296875,215.7303466796875,-59,11
643.932861328125,209.7378387451172,-56,11
634.5167846679688,209.7378387451172,-56,11
628.342529296875,210.73658752441406,-56,11
622.0946655273438,211.73533630371094,-59,11
618.4527587890625,211.8389129638672,-59,11
613.2169799804688,211.73533630371094,-59,18
610.4073486328125,212.7340850830078,-59,18
604.4275512695313,215.76646423339844,-58,18
594.9710693359375,217.72784423828125,-58,18
591.473876953125,216.3583526611328,-50,18
590.4612426757813,216.72909545898438,-50,18
582.4808959960938,215.23097229003906,-50,24
571.1300659179688,214.73158264160156,-53,24
567.35107421875,216.72909545898438,-53,24
567.35107421875,216.72909545898438,-53,24
557.777099609375,214.73158264160156,-63,24
547.008544921875,216.72909545898438,-63,24
539.140869140625,216.72909545898438,-63,18
534.447265625,216.72909545898438,-59,18
531.0211181640625,216.72909545898438,-59,18
525.0257568359375,219.725341796875,-57,18
524.1566772460938,220.72410583496094,-57,18
523.5062866210938,220.72410583496094,-56,18
465.57220458984375,238.70162963867188,-58,24
465.57220458984375,238.70162963867188,-58,11
465.57220458984375,238.70162963867188,-56,11
465.57220458984375,238.70162963867188,-56,11
465.57220458984375,238.70162963867188,-48,11
465.57220458984375,238.70162963867188,-48,11
465.57220458984375,238.70162963867188,-49,11
465.57220458984375,238.70162963867188,-49,18
465.57220458984375,238.70162963867188,-50,18
465.57220458984375,238.70162963867188,-50,18
465.57220458984375,238.70162963867188,-48,18
455.40216064453125,236.70413208007813,-48,18
449.52020263671875,234.7066192626953,-47,18
443.0897216796875,232.70912170410156,-47,24
433.73358154296875,226.71661376953125,-47,24
424.6042175292969,220.2247314453125,-47,24
415.5222473144531,215.7303466796875,-50,24
404.8758850097656,217.72784423828125,-50,24
395.2759094238281,216.72909545898438,-50,24
384.52740478515625,213.7328338623047,-49,24
376.40496826171875,214.73158264160156,-49,24
368.5833435058594,213.7328338623047,-54,24
359.4776306152344,215.7303466796875,-54,24
353.4793701171875,216.72909545898438,-58,24
346.62945556640625,223.72035217285156,-58,24
342.668212890625,231.3268585205078,-53,18
331.64715576171875,236.70413208007813,-53,18
328.6434631347656,236.70413208007813,-53,18
323.5816345214844,236.70413208007813,-52,18
312.1920471191406,235.7053680419922,-52,18
309.19439697265625,236.70413208007813,-51,18
308.6709289550781,236.70413208007813,-51,18
306.6622314453125,236.70413208007813,-51,18
302.4603576660156,235.7053680419922,-55,18
293.7218933105469,237.702880859375,-55,18
286.6521911621094,239.70037841796875,-52,18
283.68438720703125,239.70037841796875,-52,18
277.35595703125,238.70162963867188,-52,24
271.5025634765625,237.702880859375,-52,24
269.7043151855469,236.70413208007813,-52,24
268.7060241699219,236.70413208007813,-52,24
263.6113586425781,237.702880859375,-50,24
256.6332702636719,238.70162963867188,-50,24
254.65737915039063,238.70162963867188,-50,24
253.71942138671875,239.71865844726563,-49,24
248.71627807617188,239.70037841796875,-49,24
244.72555541992188,239.70037841796875,-55,24
239.64620971679688,239.70037841796875,-55,24
237.38116455078125,240.69912719726563,-51,24
223.62960815429688,240.69912719726563,-51,48
218.98477172851563,241.6978759765625,-47,48
214.71368408203125,242.69664001464844,-47,48
211.69091796875,243.6953887939453,-47,48
207.59124755859375,243.6953887939453,-51,48
198.6385498046875,242.69664001464844,-51,48
191.2864990234375,242.69664001464844,-54,36
184.71963500976563,242.69664001464844,-54,36
181.703857421875,242.69664001464844,-54,36
178.772705078125,242.69664001464844,-48,36
176.7606201171875,242.69664001464844,-48,36
172.69947814941406,244.6941375732422,-49,36
162.78367614746094,244.6941375732422,-49,48
156.45574951171875,243.6953887939453,-48,48
149.46279907226563,242.69664001464844,-48,48
141.78582763671875,241.65858459472656,-48,48
134.0987548828125,242.69664001464844,-47,48
128.33566284179688,242.69664001464844,-47,48
119.66293334960938,243.6953887939453,-47,24
110.70703125,249.68789672851563,-43,24
104.749755859375,249.68789672851563,-43,24
95.86103820800781,245.59071350097656,-38,24
87.65086364746094,245.69288635253906,-38,24
77.87509155273438,245.19351196289063,-39,24
72.51702880859375,244.6941375732422,-39,24
70.85960388183594,244.6941375732422,-39,24
84.86962890625,249.68789672851563,-36,24
84.86962890625,249.68789672851563,-36,24
84.86962890625,249.68789672851563,-42,24
84.86962890625,249.68789672851563,-42,24
94.22566223144531,250.6866455078125,-42,24
104.20948791503906,244.6941375732422,-42,24
111.89907836914063,243.6953887939453,-42,24
118.88076782226563,243.6953887939453,-43,24
131.186279296875,242.69664001464844,-43,24
144.17880249023438,238.70162963867188,-40,24
149.18911743164063,239.70037841796875,-40,24
152.192626953125,239.70037841796875,-44,24
152.8960723876953,239.70037841796875,-44,24
155.17562866210938,238.70162963867188,-44,24
157.83645629882813,237.702880859375,-45,36
159.86187744140625,236.70413208007813,-45,36
164.17105102539063,236.70413208007813,-45,36
178.83218383789063,234.7066192626953,-50,36
188.7884521484375,230.47579956054688,-50,36
191.8016357421875,230.71160888671875,-50,36
192.81784057617188,230.71160888671875,-50,48
206.92465209960938,225.7178497314453,-50,48
220.76345825195313,230.71160888671875,-48,48
220.76345825195313,230.71160888671875,-48,48
234.77081298828125,233.70787048339844,-49,48
246.24359130859375,232.70912170410156,-49,48
259.2333984375,228.714111328125,-47,48
265.08538818359375,224.36302185058594,-47,48
271.07745361328125,219.725341796875,-47,48
284.0973815917969,221.7228546142578,-52,48
290.82904052734375,215.7303466796875,-52,48
298.0626525878906,215.7303466796875,-52,48
307.1959228515625,217.72784423828125,-56,48
322.82598876953125,213.59075927734375,-56,48
325.6981506347656,210.71994018554688,-56,48
326.7136535644531,209.7049102783203,-54,48
325.6814880371094,208.23968505859375,-54,48
324.6822814941406,206.68727111816406,-59,48
324.6822814941406,206.68727111816406,-59,48
327.8580627441406,205.74282836914063,-60,48
332.676025390625,205.86106872558594,-60,48
342.75787353515625,205.74282836914063,-60,48
349.8058166503906,209.7378387451172,-58,48
357.7281188964844,210.73658752441406,-58,18
364.65106201171875,214.23220825195313,-55,18
377.6408996582031,213.78427124023438,-55,18
393.1090087890625,219.725341796875,-58,18
397.6821594238281,221.7228546142578,-58,18
405.0083312988281,225.10740661621094,-56,18
421.10693359375,233.70787048339844,-56,24
425.67315673828125,234.7066192626953,-56,24
432.7001953125,234.60443115234375,-62,24
447.0185546875,241.6978759765625,-62,24
452.8182373046875,243.6953887939453,-62,24
455.58001708984375,241.33753967285156,-55,24
463.931640625,240.69912719726563,-55,36
473.06640625,241.6978759765625,-62,36
478.9140625,241.6978759765625,-62,36
480.934814453125,242.69664001464844,-62,36
482.14544677734375,241.6978759765625,-59,36
483.59552001953125,239.70037841796875,-62,36
485.92620849609375,238.33216857910156,-62,36
485.55657958984375,237.68804931640625,-62,36
490.642578125,236.70413208007813,-58,36
490.55267333984375,237.72207641601563,-58,36
484.557373046875,252.68414306640625,-58,36
484.557373046875,252.68414306640625,-58,36
484.557373046875,252.68414306640625,-60,36
484.557373046875,252.68414306640625,-60,36
484.557373046875,252.68414306640625,-58,36
493.30792236328125,242.69664001464844,-58,36
492.5511474609375,239.3356170654297,-59,36
507.5394287109375,247.69039916992188,-47,18
507.5394287109375,247.69039916992188,-47,18
520.707763671875,248.68914794921875,-52,18
527.7021484375,247.69039916992188,-52,18
530.5762329101563,247.69039916992188,-52,18
532.5198974609375,246.64048767089844,-51,18
535.517578125,241.34454345703125,-51,18
546.6889038085938,240.69912719726563,-59,18
548.6908569335938,239.70037841796875,-59,18
552.004638671875,237.702880859375,-59,18
558.0,238.70162963867188,-63,18
563.738525390625,238.70162963867188,-63,18
568.4918212890625,234.20724487304688,-56,18
569.856689453125,235.7053680419922,-56,18
571.4894409179688,239.88014221191406,-52,18
571.4894409179688,239.88014221191406,-52,18
572.9883422851563,240.69912719726563,-51,18
557.5003662109375,233.70787048339844,-52,18
573.499755859375,249.69970703125,-52,18
576.5744018554688,249.68789672851563,-53,18
581.0260620117188,250.6866455078125,-53,18
583.5897827148438,250.6866455078125,-52,18
587.4769897460938,246.6370086669922,-52,18
587.4769897460938,245.66748046875,-55,18
586.4777221679688,250.2108612060547,-55,18
586.4777221679688,251.04722595214844,-51,18
585.478515625,255.75743103027344,-51,18
585.478515625,259.02276611328125,-56,18
600.466796875,252.32398986816406,-55,18
604.4636840820313,249.56820678710938,-55,36
619.4519653320313,250.15875244140625,-54,36
624.9476318359375,248.68914794921875,-54,36
630.5699462890625,249.68789672851563,-55,36
634.6179809570313,246.51402282714844,-55,36
633.2590942382813,244.6941375732422,-55,36
635.4395141601563,241.34193420410156,-49,36
644.5214233398438,239.70037841796875,-49,36
652.4262084960938,240.34327697753906,-45,36
658.5755615234375,240.69912719726563,-45,36
667.2045288085938,240.69912719726563,-45,36
670.5939331054688,239.70037841796875,-45,36
677.4537353515625,239.70037841796875,-43,36
679.4279174804688,238.70162963867188,-43,48
684.4716186523438,238.70162963867188,-43,48
687.39892578125,236.339111328125,-46,48
690.3965454101563,233.4718017578125,-46,48
692.39501953125,229.67198181152344,-46,48
692.39501953125,226.57192993164063,-47,54
691.3958129882813,224.60067749023438,-47,54
701.1951904296875,222.7216033935547,-47,54
704.4229125976563,222.7216033935547,-53,54
707.7313842773438,220.72410583496094,-53,54
715.589111328125,220.72410583496094,-47,54
717.4954223632813,220.72410583496094,-47,54
718.3886108398438,220.72410583496094,-47,54
722.37158203125,221.22348022460938,-49,54
728.4645385742188,221.7228546142578,-49,54
730.3687744140625,221.7228546142578,-49,54
734.427001953125,221.7228546142578,-49,54
737.4389038085938,222.7216033935547,-49,54
739.382568359375,223.72035217285156,-49,54
740.3575439453125,224.90310668945313,-52,54
741.375,224.71910095214844,-52,54
741.375,224.71910095214844,-52,54
741.3567504882813,223.71163940429688,-52,54
743.4197998046875,223.72035217285156,-50,54
744.376220703125,223.72035217285156,-50,54
742.2763671875,221.7228546142578,-53,54
742.8555908203125,220.72410583496094,-53,54
747.4707641601563,219.725341796875,-55,54
748.3512573242188,216.5867156982422,-55,54
751.3489379882813,217.5746612548828,-47,54
759.3427124023438,224.7980499267578,-47,54
760.3927612304688,224.71910095214844,-47,54
761.3411254882813,225.7726593017578,-54,54
762.3558349609375,225.7178497314453,-54,54
764.3388061523438,224.4735107421875,-55,54
768.4008178710938,225.7178497314453,-55,54
769.3571166992188,225.7178497314453,-55,54
773.5098876953125,225.7178497314453,-48,54
774.331787109375,225.7178497314453,-48,54
778.470703125,226.71661376953125,-47,54
782.4141845703125,225.7178497314453,-47,54
789.4389038085938,224.71910095214844,-48,54
793.316162109375,223.7111358642578,-48,54
799.4005737304688,222.7216033935547,-48,54
807.3649291992188,220.72410583496094,-48,54
810.3074951171875,219.725341796875,-48,54
818.3279418945313,224.71910095214844,-46,54
822.3200073242188,226.71661376953125,-46,54
822.3200073242188,226.71661376953125,-46,54
828.2811889648438,229.71286010742188,-49,54
834.7838134765625,233.70787048339844,-49,54
842.4553833007813,233.70787048339844,-49,54
846.2747802734375,236.20474243164063,-47,54
859.8106689453125,240.69912719726563,-47,54
870.3750610351563,240.69912719726563,-51,54
883.6052856445313,236.70413208007813,-51,54
889.135009765625,236.70413208007813,-52,54
905.40771484375,234.7066192626953,-52,54
917.56787109375,234.7066192626953,-54,54
925.3026733398438,232.61964416503906,-54,54
941.7001953125,230.71160888671875,-54,54
959.68603515625,221.7228546142578,-52,54
968.1795654296875,219.2520294189453,-52,54
986.958984375,217.72784423828125,-61,54
998.2276611328125,216.72909545898438,-61,54
1014.500732421875,219.725341796875,-49,54
1020.2581787109375,220.72410583496094,-49,54
1027.2125244140625,222.7216033935547,-61,54
1029.2100830078125,223.72035217285156,-61,54
1031.195068359375,222.7216033935547,-61,54
1032.4970703125,223.72035217285156,-54,54
1032.129638671875,224.7302703857422,-54,54
1033.2003173828125,225.7178497314453,-56,54
1034.1358642578125,225.7178497314453,-56,54
1034.1280517578125,224.69601440429688,-53,54
1030.837646484375,220.72410583496094,-53,54
1028.63232421875,219.725341796875,-55,54
1026.887939453125,218.72659301757813,-55,54
1024.960205078125,215.55557250976563,-54,54
1016.14208984375,213.7205047607422,-54,54
1006.2222900390625,214.73158264160156,-59,54
990.98193359375,218.72659301757813,-59,54
983.943359375,221.7228546142578,-60,54
973.0738525390625,222.7216033935547,-60,54
966.079345703125,225.7178497314453,-60,54
959.01025390625,227.71536254882813,-59,54
951.128173828125,230.71160888671875,-59,54
947.115234375,232.7897186279297,-59,54
934.0918579101563,235.7053680419922,-56,54
932.1656494140625,237.702880859375,-56,54
923.2866821289063,238.70162963867188,-54,54
915.1018676757813,238.70162963867188,-54,54
914.2032470703125,238.70162963867188,-54,54
914.2032470703125,238.70162963867188,-59,54
920.217041015625,247.36460876464844,-59,54
924.47265625,255.68040466308594,-55,54
925.213134765625,261.85211181640625,-55,54
922.2154541015625,265.7074890136719,-55,54
920.217041015625,270.90289306640625,-62,54
920.217041015625,274.7360534667969,-62,54
918.2185668945313,280.8877868652344,-59,54
918.2185668945313,287.7196350097656,-59,18
917.0401611328125,288.63922119140625,-59,18
917.0401611328125,288.63922119140625,-61,18
914.0789184570313,288.63922119140625,-61,18
911.86767578125,289.6379699707031,-61,18
913.2224731445313,292.7359619140625,-61,18
914.2216796875,296.81207275390625,-66,18
914.2216796875,297.6875305175781,-66,18
917.2193603515625,289.13861083984375,-63,18
920.217041015625,278.47607421875,-63,18
920.217041015625,268.78369140625,-61,18
922.0795288085938,260.6741638183594,-61,18
922.2154541015625,256.6080627441406,-61,11
924.2138671875,250.67245483398438,-61,11
924.2138671875,250.67245483398438,-61,11
929.4492797851563,247.69039916992188,-55,11
933.2068481445313,240.1997528076172,-55,11
921.2162475585938,274.65667724609375,-50,11
924.2138671875,252.68414306640625,-50,11
922.2154541015625,262.8655700683594,-54,11
917.130615234375,270.7503967285156,-54,11
913.2224731445313,278.6073303222656,-63,18
907.9886474609375,284.6441955566406,-63,18
907.2271728515625,291.6889953613281,-60,18
906.2279663085938,296.7080993652344,-60,18
905.2286987304688,298.6703186035156,-60,18
909.3438720703125,300.6242370605469,-65,18
911.2359619140625,299.62548828125,-65,18
911.2359619140625,299.62548828125,-65,18
917.1128540039063,296.62921142578125,-67,18
927.3910522460938,298.626708984375,-67,18
929.2099609375,296.76763916015625,-67,18
928.7103271484375,287.64044189453125,-58,18
929.2099609375,277.5687561035156,-58,18
928.2107543945313,262.3167724609375,-62,18
928.7103271484375,246.1922607421875,-62,18
931.4454956054688,238.46469116210938,-58,18
932.2076416015625,233.69171142578125,-58,18
932.2076416015625,232.67349243164063,-58,18
932.2076416015625,232.67349243164063,-57,18
932.2076416015625,232.67349243164063,-57,24
932.2076416015625,232.67349243164063,-53,24
932.2076416015625,232.67349243164063,-53,24
932.2076416015625,232.67349243164063,-55,24
932.2076416015625,232.67349243164063,-55,24
932.2076416015625,232.67349243164063,-55,24
932.2076416015625,232.67349243164063,-55,18
932.2076416015625,232.67349243164063,-55,18
931.2084350585938,239.87815856933594,-55,18
929.2099609375,247.9298858642578,-53,18
929.2099609375,255.8243865966797,-53,18
928.2107543945313,265.9046936035156,-55,18
925.0391235351563,274.83062744140625,-55,24
922.9774169921875,282.6466979980469,-58,24
922.2154541015625,290.7801818847656,-58,24
920.217041015625,293.8124084472656,-61,24
919.1156616210938,297.6279602050781,-61,24
913.7220458984375,301.62298583984375,-63,24
910.86669921875,304.6192321777344,-63,18
908.2263793945313,309.6414489746094,-63,18
912.344482421875,312.6092529296875,-60,18
913.2224731445313,313.6402893066406,-60,18
910.7244873046875,318.60174560546875,-60,18
908.2263793945313,322.097412109375,-63,18
906.1563720703125,324.5942687988281,-63,18
902.2310791015625,327.09112548828125,-62,18
902.2310791015625,327.09112548828125,-62,18
901.2249145507813,326.5917663574219,-62,18
903.2302856445313,320.5975341796875,-66,18
907.2271728515625,312.46612548828125,-66,18
911.0191040039063,303.8253479003906,-65,18
912.2232666015625,294.4896545410156,-65,18
913.5479125976563,287.64044189453125,-65,18
912.2232666015625,283.55657958984375,-62,18
913.2224731445313,276.5654602050781,-62,18
912.2232666015625,272.4811706542969,-62,18
911.2240600585938,269.6627502441406,-58,18
910.2247924804688,261.53094482421875,-58,18
908.2263793945313,253.54058837890625,-62,18
905.5171508789063,247.69039916992188,-62,18
904.2294921875,243.68728637695313,-62,18
902.2119750976563,242.69664001464844,-64,18
902.2310791015625,239.68545532226563,-64,18
902.2310791015625,238.67710876464844,-58,18
902.2310791015625,237.70143127441406,-58,18
898.1986694335938,236.70413208007813,-51,18
897.2349853515625,235.6902313232422,-51,18
890.2800903320313,235.7053680419922,-54,18
886.1785278320313,236.70413208007813,-54,24
883.2278442382813,236.70413208007813,-54,24
878.0672607421875,236.70413208007813,-49,24
869.0186767578125,234.7066192626953,-49,24
862.1190795898438,235.7053680419922,-53,24
853.18994140625,236.70413208007813,-53,24
845.1737060546875,237.702880859375,-51,24
838.4601440429688,238.70162963867188,-51,24
834.0409545898438,238.70162963867188,-57,24
829.1865234375,239.70037841796875,-57,24
823.2445678710938,241.6978759765625,-57,24
821.2943115234375,240.3883819580078,-58,24
819.275390625,240.69912719726563,-53,36
817.2926025390625,241.6978759765625,-53,36
814.2994384765625,243.6953887939453,-53,36
809.1830444335938,243.6953887939453,-57,36
801.8095703125,245.69288635253906,-57,36
799.1920166015625,246.69163513183594,-53,36
795.2750854492188,246.69163513183594,-53,48
786.2654418945313,245.69288635253906,-53,48
781.3255004882813,247.19100952148438,-52,48
777.3286743164063,247.6991729736328,-52,48
770.255126953125,248.68914794921875,-50,48
765.3380126953125,246.1922607421875,-50,48
758.8431396484375,244.6941375732422,-50,18
752.2689819335938,243.6953887939453,-53,18
748.2864990234375,242.69664001464844,-53,18
745.2943725585938,242.69664001464844,-53,18
742.351318359375,242.69664001464844,-51,18
737.2706909179688,241.6978759765625,-51,18
734.3555297851563,241.6978759765625,-51,24
731.30859375,241.6978759765625,-48,24
727.2954711914063,241.6978759765625,-49,24
724.3562622070313,241.6978759765625,-49,24
722.36474609375,242.70347595214844,-49,24
721.3549194335938,242.69664001464844,-49,24
717.3161010742188,241.6978759765625,-49,36
714.3652954101563,241.6978759765625,-51,36
709.2024536132813,243.6953887939453,-51,36
707.35107421875,243.6953887939453,-51,36
707.35107421875,243.6953887939453,-55,36
706.3799438476563,243.6953887939453,-55,36
704.3795166015625,244.6941375732422,-56,48
701.2858276367188,245.69288635253906,-56,48
699.3419799804688,245.69288635253906,-56,48
698.3797607421875,245.69288635253906,-51,48
696.3919067382813,246.93516540527344,-51,48
692.8946533203125,247.69039916992188,-55,48
691.3958129882813,246.1922607421875,-55,54
686.2224731445313,244.6941375732422,-53,54
680.2620849609375,245.69288635253906,-53,54
674.9444580078125,245.69288635253906,-58,54
667.4004516601563,243.6953887939453,-58,54
660.0616455078125,244.6941375732422,-58,54
616.5533447265625,242.69664001464844,-54,54
512.657958984375,245.69288635253906,-54,54
522.9342041015625,249.68789672851563,-49,54
536.8705444335938,252.68414306640625,-49,54
536.2801513671875,249.68789672851563,-49,54
531.4020385742188,246.5730438232422,-49,54
521.0289306640625,243.6953887939453,-50,54
508.674072265625,240.69912719726563,-50,54
494.1990966796875,235.7053680419922,-52,54
473.56597900390625,232.70912170410156,-52,54
438.59326171875,237.702880859375,-52,54
438.59326171875,237.702880859375,-52,54
420.3713073730469,241.6978759765625,-52,54
409.1163330078125,242.69664001464844,-45,54
399.55242919921875,244.6941375732422,-45,54
392.5272521972656,244.6941375732422,-45,54
384.4924621582031,244.6941375732422,-50,54
375.5960388183594,242.69664001464844,-50,54
370.146728515625,242.69664001464844,-54,54
360.4168701171875,241.6978759765625,-54,54
352.60430908203125,238.70162963867188,-49,54
342.5672912597656,235.7053680419922,-49,54
336.61822509765625,235.7053680419922,-51,54
331.3167419433594,234.7066192626953,-51,54
324.6822814941406,231.6873779296875,-49,54
317.5981750488281,230.71160888671875,-49,54
307.88934326171875,229.71286010742188,-47,54
298.5251159667969,227.71536254882813,-47,54
292.33929443359375,226.71661376953125,-50,54
285.329833984375,224.71910095214844,-50,54
274.68609619140625,220.68890380859375,-46,54
266.95672607421875,219.725341796875,-46,54
255.681884765625,219.725341796875,-46,54
241.82632446289063,220.72410583496094,-48,54
232.816650390625,219.725341796875,-48,54
216.26699829101563,215.7303466796875,-44,54
205.92935180664063,215.7303466796875,-44,54
190.90484619140625,214.73158264160156,-45,54
172.73544311523438,219.725341796875,-45,54
155.02784729003906,220.72410583496094,-48,54
130.6531982421875,221.7228546142578,-48,54
110.70634460449219,222.7216033935547,-45,54
105.50167846679688,223.72035217285156,-45,54
99.82466125488281,223.72035217285156,-42,54
94.86183166503906,221.65728759765625,-42,54
90.83718872070313,219.725341796875,-42,54
81.77046203613281,217.72784423828125,-45,54
75.64019775390625,215.7303466796875,-45,54
70.8753662109375,212.7340850830078,-45,54
120.84152221679688,228.714111328125,-56
120.84152221679688,228.714111328125,-56
120.84152221679688,228.714111328125,-56
120.84152221679688,228.714111328125,-35
120.84152221679688,228.714111328125,-35
120.84152221679688,228.714111328125,-35
120.84152221679688,228.714111328125,-41
120.84152221679688,228.714111328125,-41
120.84152221679688,228.714111328125,-41
120.84152221679688,228.714111328125,-41
124.87451171875,235.7053680419922,-41
131.84564208984375,235.7053680419922,-41
132.8877410888672,235.7053680419922,-34
137.1859130859375,234.7066192626953,-34
137.8880615234375,234.7066192626953,-47
141.82513427734375,232.52767944335938,-47
144.90304565429688,232.70912170410156,-46
154.17562866210938,233.70787048339844,-46
158.81185913085938,236.0638427734375,-52
159.83584594726563,235.7053680419922,-52
161.83724975585938,233.68016052246094,-52
166.9247283935547,233.70787048339844,-48
169.80328369140625,231.46922302246094,-48
169.80328369140625,231.46922302246094,-48
170.80906677246094,231.7103729248047,-51
174.29977416992188,232.70912170410156,-51
174.82833862304688,233.70787048339844,-51
174.82833862304688,233.70787048339844,-50
174.82833862304688,233.70787048339844,-50
178.296630859375,234.7066192626953,-50
179.79547119140625,235.75050354003906,-49
181.9400634765625,236.70413208007813,-49
181.9400634765625,236.70413208007813,-49
183.8529052734375,237.702880859375,-53
189.15072631835938,235.7053680419922,-53
191.2864990234375,233.70787048339844,-53
192.78530883789063,232.6746826171875,-53
194.8162841796875,231.7103729248047,-53
197.92535400390625,231.7103729248047,-53
202.9571533203125,230.71160888671875,-67
208.89260864257813,228.714111328125,-67
212.83001708984375,231.7103729248047,-52
215.8572998046875,232.70912170410156,-52
217.805908203125,232.70912170410156,-52
218.78085327148438,232.70912170410156,-56
218.78085327148438,232.70912170410156,-56
218.78085327148438,232.70912170410156,-56
218.78085327148438,232.70912170410156,-52
218.78085327148438,232.70912170410156,-52
218.78085327148438,232.70912170410156,-52
218.78085327148438,232.70912170410156,-53
216.72634887695313,232.70912170410156,-53
214.40200805664063,231.7103729248047,-53
214.40200805664063,231.7103729248047,-46
217.76580810546875,230.67755126953125,-46
219.00448608398438,230.71160888671875,-46
221.2630615234375,231.7103729248047,-52
221.2630615234375,231.7103729248047,-52
219.74911499023438,230.71160888671875,-52
219.74911499023438,230.71160888671875,-51
218.7547607421875,230.71160888671875,-51
218.7547607421875,230.71160888671875,-51
218.7547607421875,230.71160888671875,-60
218.7650146484375,229.71226501464844,-60
218.7650146484375,229.71226501464844,-60
218.7650146484375,229.71226501464844,-52
218.7650146484375,229.71226501464844,-52
218.7650146484375,229.71226501464844,-52
218.7650146484375,229.71226501464844,-58
218.7650146484375,229.71226501464844,-58
218.7650146484375,229.71226501464844,-58
218.7650146484375,229.71226501464844,-57
218.7650146484375,229.71226501464844,-57
218.7650146484375,229.71226501464844,-57
218.7650146484375,229.71226501464844,-57
218.7650146484375,229.71226501464844,-57
218.7650146484375,229.71226501464844,-57
218.7650146484375,230.71282958984375,-59
218.7650146484375,230.71282958984375,-59
218.7650146484375,230.71282958984375,-57
217.76174926757813,230.71160888671875,-57
217.76174926757813,230.71160888671875,-57
214.7130126953125,230.71160888671875,-57
214.7130126953125,230.71160888671875,-57
214.7130126953125,230.71160888671875,-57
214.7130126953125,230.71160888671875,-51
214.7130126953125,230.71160888671875,-51
212.73214721679688,230.71160888671875,-51
211.75961303710938,230.71160888671875,-57
215.76736450195313,217.8198699951172,-57
221.12942504882813,212.7340850830078,-57
219.76425170898438,209.63430786132813,-57
215.26776123046875,207.74032592773438,-57
212.76971435546875,212.7340850830078,-57
212.76971435546875,212.7340850830078,-57
212.76971435546875,212.7340850830078,-53
212.76971435546875,212.7340850830078,-53
212.76971435546875,212.7340850830078,-53
212.76971435546875,212.7340850830078,-53
212.76971435546875,212.7340850830078,-53
212.76971435546875,212.7340850830078,-47
215.7135009765625,213.70591735839844,-47
227.75811767578125,218.72659301757813,-47
228.80831909179688,218.72659301757813,-59
227.75799560546875,219.88323974609375,-59
224.76034545898438,221.5521697998047,-58
220.76345825195313,220.6388397216797,-58
220.76345825195313,220.6388397216797,-58
220.76345825195313,220.6388397216797,-52
219.7572021484375,220.72410583496094,-52
219.7572021484375,220.72410583496094,-52
219.7572021484375,220.72410583496094,-54
219.76425170898438,219.72027587890625,-54
219.76425170898438,219.72027587890625,-64
219.76425170898438,219.72027587890625,-64
219.76425170898438,219.72027587890625,-64
219.76425170898438,219.72027587890625,-64
219.76425170898438,219.72027587890625,-64
219.76425170898438,219.72027587890625,-60
219.76425170898438,219.72027587890625,-60
219.76425170898438,220.72598266601563,-60
219.76425170898438,220.72598266601563,-53
219.76425170898438,221.73048400878906,-53
219.76425170898438,221.73048400878906,-60
219.76425170898438,221.73048400878906,-60
219.76425170898438,221.73048400878906,-55
219.76425170898438,221.73048400878906,-55
219.76425170898438,218.60670471191406,-55
224.76034545898438,230.9509735107422,-49
226.7587890625,237.88426208496094,-49
226.7587890625,242.72381591796875,-49
231.13299560546875,239.70037841796875,-54
239.86819458007813,237.702880859375,-54
246.5904541015625,238.70162963867188,-54
250.7586669921875,239.70037841796875,-66
253.75994873046875,241.6978759765625,-66
255.73614501953125,237.68643188476563,-53
255.73614501953125,236.6865692138672,-53
255.73614501953125,235.6396484375,-56
254.7369384765625,231.5872802734375,-56
254.7369384765625,230.6868438720703,-56
255.73614501953125,227.6690673828125,-60
256.7353515625,226.34889221191406,-60
253.73770141601563,219.7007293701172,-53
253.73770141601563,219.7007293701172,-53
251.7392578125,215.55032348632813,-53
250.74005126953125,207.5980224609375,-57
250.74005126953125,205.7387237548828,-57
255.91534423828125,208.73907470703125,-60
275.72052001953125,221.60243225097656,-60
287.7111511230469,227.89794921875,-54
291.7752990722656,228.78135681152344,-54
297.7516784667969,231.7103729248047,-54
301.8207702636719,233.828369140625,-46
305.8704833984375,231.7103729248047,-46
310.6932067871094,228.6697540283203,-46
320.7651672363281,224.71910095214844,-54
323.8040466308594,224.71910095214844,-54
323.8040466308594,224.71910095214844,-54
318.18731689453125,219.725341796875,-49
324.6898498535156,214.73158264160156,-49
327.679931640625,222.901123046875,-61
329.6783752441406,225.76751708984375,-61
330.6775817871094,229.0644073486328,-61
326.68072509765625,223.93460083007813,-52
325.6814880371094,221.34849548339844,-52
323.68304443359375,220.48326110839844,-52
324.95556640625,219.725341796875,-55
328.6791687011719,221.73997497558594,-55
329.696044921875,221.7228546142578,-55
330.6775817871094,220.70770263671875,-54
331.86053466796875,219.725341796875,-54
331.86053466796875,219.725341796875,-54
333.6752624511719,220.76414489746094,-56
334.68402099609375,220.72410583496094,-56
336.67291259765625,222.96868896484375,-56
336.67291259765625,223.7584228515625,-58
337.69879150390625,224.71910095214844,-58
341.6857604980469,226.71661376953125,-53
346.8448181152344,226.71661376953125,-53
350.6809997558594,223.72035217285156,-61
355.8385925292969,223.72035217285156,-61
364.79449462890625,228.714111328125,-59
369.70281982421875,228.714111328125,-59
370.673095703125,228.714111328125,-59
378.8812255859375,229.71286010742188,-51
382.8363342285156,229.71286010742188,-51
382.8363342285156,229.71286010742188,-61
385.6583251953125,230.71160888671875,-61
387.6690673828125,229.71286010742188,-59
389.64154052734375,229.71286010742188,-59
392.7496337890625,229.71286010742188,-59
392.7496337890625,229.71286010742188,-55
391.6224670410156,229.71286010742188,-55
390.6307678222656,227.7050018310547,-55
389.5798034667969,227.71536254882813,-58
388.6217041015625,227.71536254882813,-58
388.6217041015625,227.71536254882813,-58
388.63232421875,226.707275390625,-56
390.1311340332031,224.71910095214844,-56
393.7175598144531,225.7178497314453,-56
396.67071533203125,226.76124572753906,-47
397.6510009765625,226.71661376953125,-47
397.6510009765625,226.71661376953125,-47
398.62451171875,224.70269775390625,-53
398.62451171875,224.70269775390625,-53
398.62451171875,224.70269775390625,-51
397.62213134765625,224.71910095214844,-51
397.62213134765625,224.71910095214844,-51
395.6268615722656,222.68096923828125,-49
393.62841796875,219.6966552734375,-49
392.6291809082031,218.71267700195313,-49
391.5965576171875,218.72659301757813,-62
391.5965576171875,218.72659301757813,-62
390.5584716796875,217.72784423828125,-50
388.57208251953125,216.72909545898438,-50
385.6346740722656,215.6923828125,-50
385.6346740722656,215.6923828125,-67
387.7062072753906,215.7303466796875,-67
393.62841796875,225.07696533203125,-53
405.6360168457031,229.71286010742188,-53
412.9715576171875,227.71536254882813,-53
418.65667724609375,224.71910095214844,-53
418.60888671875,225.7418670654297,-53
423.60498046875,230.75709533691406,-53
425.6323547363281,231.7103729248047,-57
426.6160583496094,231.7103729248047,-57
427.60186767578125,230.67274475097656,-50
428.6168212890625,230.71160888671875,-50
429.84112548828125,227.71536254882813,-54
430.59954833984375,221.48516845703125,-54
430.59954833984375,218.72503662109375,-54
433.59716796875,214.66561889648438,-59
433.59716796875,214.66561889648438,-59
431.5987548828125,215.77029418945313,-59
432.6566162109375,216.72909545898438,-59
432.6566162109375,216.72909545898438,-59
428.55010986328125,218.72659301757813,-59
425.6034240722656,220.84442138671875,-59
422.6027526855469,223.72337341308594,-62
422.6027526855469,223.72337341308594,-62
422.6027526855469,223.72337341308594,-62
422.6027526855469,223.72337341308594,-61
421.6018371582031,223.72035217285156,-61
420.605712890625,223.72035217285156,-63
420.605712890625,223.72035217285156,-63
422.60577392578125,229.78463745117188,-60
423.65216064453125,230.71160888671875,-60
424.9681701660156,231.7103729248047,-50
424.9681701660156,231.7103729248047,-50
424.9681701660156,231.7103729248047,-59
423.6007385253906,231.7103729248047,-59
423.60498046875,230.70094299316406,-58
421.5816955566406,228.68923950195313,-58
420.4607238769531,226.71661376953125,-60
419.6081237792969,223.22097778320313,-60
417.5985107421875,220.7129364013672,-65
417.5985107421875,220.7129364013672,-65
414.6120300292969,224.790771484375,-56
414.6120300292969,224.790771484375,-56
414.6120300292969,226.78717041015625,-56
412.5096130371094,226.71661376953125,-58
411.6143493652344,228.8181915283203,-58
415.6112365722656,231.71617126464844,-62
416.6917419433594,232.70912170410156,-62
418.68975830078125,234.7066192626953,-62
419.6081237792969,235.73846435546875,-62
421.65899658203125,236.70413208007813,-62
422.6208190917969,236.70413208007813,-62
425.6034240722656,240.1997528076172,-55
429.1274108886719,242.69664001464844,-55
433.77532958984375,239.52227783203125,-55
439.592529296875,237.20350646972656,-64
440.59173583984375,224.36276245117188,-64
445.58782958984375,219.486572265625,-57
455.3126220703125,215.7303466796875,-57
466.5714111328125,223.7375946044922,-58
472.59521484375,224.71910095214844,-58
479.64093017578125,222.7216033935547,-58
483.55816650390625,230.36758422851563,-57
482.5589599609375,244.87030029296875,-57
481.5596923828125,249.0434112548828,-57
482.9345703125,246.69163513183594,-59
483.05859375,241.6978759765625,-59
483.59442138671875,239.70037841796875,-59
486.5557861328125,237.32981872558594,-59
488.59228515625,237.702880859375,-59
484.35467529296875,238.70162963867188,-59
480.53338623046875,242.7237091064453,-59
479.31298828125,243.6953887939453,-59
482.64569091796875,245.69288635253906,-72
484.557373046875,240.5199737548828,-72
492.57952880859375,236.70413208007813,-58
502.54290771484375,239.70037841796875,-58
511.6197509765625,238.70162963867188,-56
516.684326171875,237.702880859375,-56
518.556396484375,236.70413208007813,-55
515.533203125,228.21473693847656,-55
515.533203125,228.21473693847656,-55
517.9017333984375,230.08277893066406,-67
517.5316162109375,231.80477905273438,-67
517.5316162109375,233.74383544921875,-64
517.5316162109375,233.74383544921875,-64
516.0328369140625,234.7066192626953,-68
516.0328369140625,234.7066192626953,-68
515.5252075195313,235.71337890625,-64
515.533203125,237.20352172851563,-64
520.5513305664063,237.702880859375,-52
523.5269165039063,227.43174743652344,-52
527.6150512695313,223.72035217285156,-64
527.6150512695313,223.72035217285156,-64
528.5230102539063,221.36427307128906,-64
528.5230102539063,219.54124450683594,-65
528.5230102539063,219.54124450683594,-65
528.5230102539063,219.54124450683594,-67
529.522216796875,221.82699584960938,-67
531.5369873046875,222.7216033935547,-69
534.7616577148438,224.96224975585938,-69
535.5336303710938,224.71910095214844,-69
536.5568237304688,224.71910095214844,-60
538.591064453125,225.7178497314453,-60
538.591064453125,225.7178497314453,-61
539.5144653320313,227.77044677734375,-61
539.5144653320313,227.77044677734375,-60
542.6578979492188,226.71661376953125,-60
544.865966796875,226.71661376953125,-60
544.865966796875,226.71661376953125,-53
544.865966796875,226.71661376953125,-53
541.5128784179688,230.2122344970703,-66
540.4658813476563,229.71286010742188,-66
542.6928100585938,226.53598022460938,-62
546.5089721679688,225.341796875,-62
548.5208129882813,225.7178497314453,-62
550.5323486328125,225.7178497314453,-61
551.5230102539063,225.7178497314453,-61
552.5164184570313,225.7178497314453,-60
552.5042724609375,226.72393798828125,-60
552.5042724609375,228.7418975830078,-60
552.5042724609375,228.7418975830078,-65
552.5042724609375,228.7418975830078,-65
556.604736328125,227.71536254882813,-65
557.5003662109375,230.7491455078125,-60
556.5011596679688,234.71568298339844,-60
556.5011596679688,234.71568298339844,-61
556.5011596679688,234.71568298339844,-61
554.3005981445313,232.50704956054688,-61
554.3005981445313,232.50704956054688,-63
555.501953125,233.73667907714844,-63
556.509033203125,233.70787048339844,-60
556.509033203125,233.70787048339844,-60
556.509033203125,233.70787048339844,-61
556.509033203125,233.70787048339844,-61
559.5368041992188,233.70787048339844,-62
562.99609375,233.70787048339844,-62
564.527587890625,232.6764678955078,-62
564.527587890625,232.6764678955078,-59
564.527587890625,232.6764678955078,-59
564.4949340820313,233.7135009765625,-67
567.8508911132813,236.70413208007813,-67
569.5272827148438,236.70413208007813,-67
571.6712646484375,237.702880859375,-66
573.6348876953125,238.70162963867188,-66
574.4943237304688,238.70162963867188,-66
578.6314697265625,238.70162963867188,-61
581.4816284179688,239.7606201171875,-61
581.4816284179688,239.7606201171875,-61
581.4816284179688,238.69369506835938,-72
582.4818725585938,238.70162963867188,-72
582.4808959960938,235.68418884277344,-72
585.5165405273438,231.67236328125,-59
588.4761962890625,225.21847534179688,-59
588.4761962890625,225.21847534179688,-67
589.499755859375,224.71910095214844,-67
589.4754028320313,222.7189483642578,-67
591.7147827148438,223.72035217285156,-65
596.8267822265625,228.07199096679688,-65
601.5120239257813,229.71286010742188,-65
605.462890625,231.89129638671875,-57
609.4990234375,231.7103729248047,-57
616.454345703125,229.21348571777344,-57
617.5336303710938,229.71286010742188,-57
617.5336303710938,229.71286010742188,-57
619.8244018554688,229.71286010742188,-60
619.4519653320313,228.6908721923828,-60
619.4519653320313,227.6792449951172,-60
619.4519653320313,227.6792449951172,-57
619.4519653320313,227.6792449951172,-57
619.4519653320313,227.6792449951172,-59
621.8178100585938,226.34942626953125,-59
622.4496459960938,224.68832397460938,-66
623.4630126953125,224.71910095214844,-66
623.4488525390625,222.5749053955078,-60
623.4488525390625,219.60342407226563,-60
623.4488525390625,216.607666015625,-60
625.4473266601563,214.65652465820313,-56
629.4441528320313,212.59262084960938,-56
632.94140625,213.7328338623047,-55
638.4371337890625,222.78765869140625,-55
638.4371337890625,223.80966186523438,-55
641.4578857421875,222.7216033935547,-63
647.79833984375,229.71286010742188,-63
651.4415283203125,231.7103729248047,-63
656.79296875,235.7053680419922,-63
656.79296875,235.7053680419922,-63
658.5120239257813,232.70912170410156,-63
659.4507446289063,232.70912170410156,-63
660.4246826171875,232.70912170410156,-63
660.4246826171875,232.70912170410156,-61
660.4199829101563,230.5289306640625,-61
665.4838256835938,226.71661376953125,-59
669.4129638671875,229.72567749023438,-59
673.4384155273438,230.71160888671875,-71
677.5504760742188,232.70912170410156,-71
683.4926147460938,232.70912170410156,-72
687.4209594726563,231.7103729248047,-72
690.3965454101563,228.57110595703125,-62
692.421630859375,228.714111328125,-62
694.42626953125,227.68255615234375,-62
694.42626953125,227.68255615234375,-68
694.42626953125,227.68255615234375,-68
696.4577026367188,226.71661376953125,-68
698.395751953125,224.7136688232422,-55
701.567626953125,220.54454040527344,-55
706.3013916015625,217.72784423828125,-72
708.4150390625,215.7303466796875,-72
710.406982421875,216.72909545898438,-72
715.4793090820313,220.72410583496094,-64
717.5184326171875,221.7228546142578,-64
720.5184936523438,221.7228546142578,-64
729.726318359375,225.7178497314453,-63
732.4036865234375,227.71536254882813,-63
735.3971557617188,227.71536254882813,-63
735.3614501953125,226.69651794433594,-69
737.7355346679688,229.08958435058594,-69
739.6004638671875,225.7178497314453,-69
742.8555908203125,228.714111328125,-64
745.3536376953125,232.888671875,-64
752.34814453125,229.06387329101563,-64
761.7026977539063,224.71910095214844,-68
767.6979370117188,222.7216033935547,-68
769.4249267578125,223.72035217285156,-68
774.3309936523438,232.06875610351563,-58
775.829833984375,233.70787048339844,-58
777.4488525390625,236.8242645263672,-58
778.332763671875,236.70413208007813,-60
779.430419921875,237.702880859375,-60
783.4268798828125,238.70162963867188,-60
790.6822509765625,239.70037841796875,-61
793.3375854492188,239.70037841796875,-61
797.317626953125,237.702880859375,-61
799.4135131835938,236.70413208007813,-58
802.5552978515625,234.7066192626953,-58
808.3457641601563,233.70787048339844,-58
814.4432373046875,231.7103729248047,-61
815.3140258789063,231.7103729248047,-61
819.3856811523438,231.7103729248047,-61
825.6505126953125,230.71160888671875,-58
829.661865234375,230.71160888671875,-58
829.661865234375,230.71160888671875,-58
833.284912109375,227.07394409179688,-61
837.6343994140625,226.71661376953125,-61
850.6310424804688,217.72784423828125,-61
854.2685546875,220.90792846679688,-60
853.2693481445313,231.6954803466797,-60
853.2693481445313,238.77305603027344,-60
857.6286010742188,236.70413208007813,-66
870.755615234375,218.2272186279297,-66
885.5157470703125,215.7303466796875,-67
895.736083984375,224.71910095214844,-67
895.2365112304688,233.85586547851563,-67
892.2388916015625,237.768798828125,-59
893.2550048828125,239.71728515625,-59
895.2365112304688,240.9449005126953,-61
901.2318725585938,239.2010040283203,-61
906.2279663085938,235.20599365234375,-61
911.404541015625,233.70787048339844,-63
913.2604370117188,233.70787048339844,-63
917.3239135742188,231.7103729248047,-63
922.3607177734375,232.70912170410156,-61
928.331298828125,231.7103729248047,-61
933.2872314453125,231.7103729248047,-61
940.7010498046875,231.7103729248047,-69
948.69482421875,220.72410583496094,-69
954.1904296875,218.74037170410156,-69
957.1881103515625,221.22348022460938,-60
960.185791015625,233.05813598632813,-60
962.1842041015625,237.82579040527344,-60
964.3623046875,234.7066192626953,-71
965.181884765625,232.70281982421875,-71
970.3580322265625,228.714111328125,-71
976.8857421875,224.71910095214844,-63
985.2691650390625,220.72410583496094,-63
988.52490234375,217.72784423828125,-63
992.205810546875,214.68650817871094,-61
989.1632080078125,219.73373413085938,-61
989.1632080078125,224.72067260742188,-61
990.162353515625,228.7280731201172,-58
993.232421875,232.78146362304688,-58
993.232421875,232.78146362304688,-58
995.5269775390625,232.70912170410156,-62
995.5269775390625,232.70912170410156,-62
995.158447265625,231.70558166503906,-62
997.5167236328125,230.71160888671875,-62
1000.3961181640625,228.47264099121094,-62
1004.5687255859375,227.71536254882813,-62
1011.2261962890625,226.71661376953125,-60
1015.181640625,223.72035217285156,-60
1015.142822265625,226.96197509765625,-60
1019.1397705078125,230.0733184814453,-63
1029.2755126953125,231.7103729248047,-63
1034.627685546875,230.71160888671875,-63
1034.1280517578125,229.69815063476563,-65
1037.125732421875,224.35995483398438,-65
1037.125732421875,225.73312377929688,-65
1040.123291015625,228.8605499267578,-61
1042.2659912109375,229.71286010742188,-61
1046.11865234375,232.20974731445313,-61
1049.1937255859375,232.70912170410156,-59
1051.11474609375,232.6292266845703,-59
1054.143798828125,231.7103729248047,-59
1056.146484375,231.7103729248047,-65
1057.1319580078125,231.7103729248047,-65
1057.110107421875,230.69610595703125,-65
1057.110107421875,228.69012451171875,-60
1054.1124267578125,225.675537109375,-60
1049.1163330078125,216.22972106933594,-60
1043.8817138671875,210.73658752441406,-57
1062.106201171875,231.7103729248047,-57
1052.8720703125,235.7053680419922,-58
1052.114013671875,234.6369171142578,-58
1051.11474609375,232.695068359375,-58
1051.11474609375,231.70086669921875,-57
1051.11474609375,230.68824768066406,-57
1050.115478515625,229.68763732910156,-57
1049.1002197265625,229.71286010742188,-57
1044.0169677734375,229.71286010742188,-57
1037.625244140625,224.71910095214844,-57
1033.025634765625,222.7216033935547,-57
1032.0089111328125,221.7228546142578,-57
1032.0089111328125,221.7228546142578,-57
1032.0089111328125,221.7228546142578,-57
1032.0089111328125,221.7228546142578,-57
1032.129638671875,220.72177124023438,-57
1033.13916015625,220.72410583496094,-57
1033.13916015625,220.72410583496094,-57
1033.13916015625,220.72410583496094,-57
1022.636962890625,221.7228546142578,-57
1009.044189453125,218.72659301757813,-57
1007.114990234375,218.72659301757813,-57
1007.114990234375,218.72659301757813,-57
1007.114990234375,218.72659301757813,-57
1007.114990234375,218.72659301757813,-57
1005.112060546875,217.72784423828125,-55
1002.109375,216.72909545898438,-55
999.083251953125,213.7328338623047,-55
997.1568603515625,214.72840881347656,-60
997.1568603515625,214.72840881347656,-60
997.1568603515625,214.72840881347656,-60
996.15771484375,215.7355194091797,-54
991.979248046875,216.72909545898438,-54
988.1639404296875,215.37533569335938,-54
986.6650390625,216.72909545898438,-67
987.1646728515625,215.72047424316406,-67
984.07666015625,214.73158264160156,-67
981.16943359375,215.14129638671875,-59
978.052001953125,217.72784423828125,-59
975.932861328125,219.725341796875,-59
975.1435546875,221.7228546142578,-54
970.03369140625,221.7228546142578,-54
967.1707763671875,221.7228546142578,-54
964.06103515625,222.7216033935547,-64
962.1773681640625,222.7216033935547,-64
958.0667724609375,222.7216033935547,-64
951.1397705078125,221.7228546142578,-60
947.123046875,220.72410583496094,-60
942.3829345703125,224.71910095214844,-60
939.2022094726563,235.18736267089844,-64
934.0614624023438,239.70037841796875,-64
931.2084350585938,250.2960968017578,-64
930.209228515625,261.032470703125,-63
930.209228515625,265.716552734375,-63
929.2099609375,268.6968994140625,-63
927.2115478515625,273.027099609375,-64
927.2115478515625,273.027099609375,-64
925.213134765625,277.74273681640625,-64
923.2146606445313,281.76788330078125,-59
923.2146606445313,288.81878662109375,-59
923.2146606445313,289.6693115234375,-72
923.2146606445313,289.6693115234375,-72
919.2177734375,290.1373291015625,-72
917.2193603515625,292.77996826171875,-72
912.2232666015625,295.60406494140625,-72
910.2247924804688,298.6806335449219,-72
909.2255859375,300.7274169921875,-68
909.2255859375,300.7274169921875,-68
909.2255859375,303.12109375,-71
909.2255859375,303.12109375,-71
909.2255859375,303.12109375,-71
909.2255859375,303.12109375,-70
910.2266235351563,302.6217346191406,-70
910.2247924804688,303.6627502441406,-70
910.2247924804688,303.6627502441406,-70
910.2247924804688,303.6627502441406,-70
910.2247924804688,303.6627502441406,-70
912.2232666015625,299.3467102050781,-70
914.2216796875,296.5260009765625,-70
914.2216796875,293.4893798828125,-70
915.220947265625,288.5189208984375,-67
912.722900390625,288.63922119140625,-67
913.2224731445313,287.62603759765625,-67
914.2216796875,283.5550842285156,-70
911.7236328125,276.6541748046875,-70
908.2263793945313,270.29962158203125,-67
908.2263793945313,267.64312744140625,-67
907.2271728515625,260.1748046875,-67
903.2302856445313,254.3204345703125,-66
898.7337646484375,250.6866455078125,-66
895.2365112304688,247.54632568359375,-66
889.8788452148438,245.69288635253906,-66
886.2122192382813,241.66659545898438,-66
883.06640625,241.6978759765625,-72
875.1968994140625,241.6978759765625,-72
868.0157470703125,241.6978759765625,-72
862.20703125,240.69912719726563,-72
857.162353515625,241.6978759765625,-72
851.9075317382813,239.70037841796875,-62
849.1693725585938,239.70037841796875,-62
847.2083129882813,238.70162963867188,-62
844.2421264648438,239.70037841796875,-58
843.2581787109375,239.70037841796875,-58
838.7781372070313,238.70162963867188,-58
836.9157104492188,237.702880859375,-63
835.223388671875,238.70162963867188,-63
831.2213745117188,238.70162963867188,-63
827.186279296875,237.702880859375,-62
825.235595703125,237.702880859375,-62
821.2579956054688,235.7053680419922,-60
818.296630859375,232.34817504882813,-60
807.920654296875,230.0964813232422,-61
802.1647338867188,231.7103729248047,-61
798.1671752929688,233.70787048339844,-61
795.310546875,232.70912170410156,-55
791.138427734375,230.71160888671875,-55
789.3192749023438,232.20974731445313,-56
783.2194213867188,233.70787048339844,-56
777.4999389648438,234.53543090820313,-56
768.9706420898438,232.70912170410156,-56
764.2939453125,231.7103729248047,-56
761.1967163085938,232.70912170410156,-56
755.3993530273438,233.70787048339844,-56
747.6515502929688,234.7066192626953,-56
739.2141723632813,235.7053680419922,-60
730.3334350585938,235.7053680419922,-60
727.3163452148438,236.70413208007813,-60
723.3053588867188,235.7053680419922,-55
722.37158203125,234.6704864501953,-55
719.87353515625,235.7053680419922,-65
716.3558959960938,236.68377685546875,-65
712.37939453125,235.525390625,-65
706.3035888671875,234.7066192626953,-61
698.27001953125,234.7066192626953,-61
695.312255859375,236.70413208007813,-59
692.2732543945313,236.70413208007813,-59
688.27880859375,239.70037841796875,-59
685.3096923828125,239.70037841796875,-67
684.4012451171875,240.74951171875,-67
683.4020385742188,242.0618896484375,-57
679.3904418945313,241.6978759765625,-57
675.0455322265625,240.69912719726563,-57
670.2296142578125,238.70162963867188,-57
665.0534057617188,237.702880859375,-57
663.3580932617188,236.70413208007813,-68
654.3529052734375,234.63490295410156,-68
645.2510375976563,231.7103729248047,-56
639.3560180664063,236.78448486328125,-56
634.2963256835938,241.6978759765625,-56
630.4434204101563,244.78402709960938,-67
629.2642822265625,245.8726806640625,-67
629.4441528320313,246.7054901123047,-67
629.4441528320313,246.7054901123047,-66
629.4441528320313,246.7054901123047,-66
626.446533203125,247.66787719726563,-55
620.4512329101563,239.34027099609375,-55
618.21435546875,237.46458435058594,-55
615.4427490234375,236.70413208007813,-65
614.098388671875,236.70413208007813,-65
611.0989990234375,235.7053680419922,-65
609.4270629882813,234.7066192626953,-59
606.3821411132813,232.70912170410156,-54
600.43017578125,230.71160888671875,-54
596.4658813476563,226.71661376953125,-54
594.4714965820313,224.33937072753906,-58
593.4588623046875,224.71910095214844,-58
588.33203125,222.7216033935547,-61
583.4801025390625,225.21847534179688,-61
578.3408203125,225.7178497314453,-58
575.4309692382813,224.71910095214844,-58
573.4879150390625,224.59780883789063,-71
572.4887084960938,225.7442169189453,-71
568.6526489257813,223.72035217285156,-58
566.453369140625,223.72035217285156,-58
566.453369140625,223.72035217285156,-58
563.4736328125,222.7216033935547,-63
562.4539184570313,222.7216033935547,-63
562.4539184570313,222.7216033935547,-60
562.4539184570313,222.7216033935547,-60
560.2999267578125,221.7228546142578,-65
560.498046875,220.6818084716797,-65
557.000732421875,219.725341796875,-65
556.3563232421875,220.72410583496094,-70
552.3606567382813,222.7216033935547,-69
551.5050659179688,223.80010986328125,-69
546.362548828125,223.72035217285156,-60
545.389892578125,222.7216033935547,-60
543.1126098632813,221.7228546142578,-60
537.4780883789063,220.72410583496094,-61
534.4763793945313,220.72410583496094,-61
531.4002685546875,222.7216033935547,-61
526.4215087890625,223.72035217285156,-61
519.1681518554688,222.7216033935547,-61
515.5298461914063,223.72035217285156,-61
509.3936767578125,225.86196899414063,-59
507.45013427734375,226.71661376953125,-59
502.5433349609375,227.9668426513672,-56
494.190185546875,231.7103729248047,-56
485.31427001953125,234.7066192626953,-55
483.498046875,235.76544189453125,-55
477.41845703125,237.702880859375,-55
469.46612548828125,240.69912719726563,-53
465.0726318359375,241.6978759765625,-53
462.57452392578125,243.9363555908203,-60
459.39361572265625,244.6941375732422,-60
455.51947021484375,244.6941375732422,-60
451.47869873046875,244.6941375732422,-59
442.2274169921875,242.69664001464844,-59
437.59405517578125,232.5893096923828,-59
436.5948486328125,230.6515350341797,-60
429.48553466796875,229.71286010742188,-60
423.4845886230469,232.70912170410156,-58
418.4282531738281,233.70787048339844,-58
415.6112365722656,238.0740203857422,-65
412.5103454589844,239.70037841796875,-65
410.6151428222656,241.84182739257813,-65
407.25628662109375,240.69912719726563,-58
400.5032958984375,238.70162963867188,-58
395.2502136230469,238.70162963867188,-57
392.38848876953125,239.70037841796875,-57
388.27447509765625,240.69912719726563,-57
383.63623046875,239.5210723876953,-66
373.701904296875,236.70413208007813,-66
366.61102294921875,235.7053680419922,-66
363.4685974121094,236.70413208007813,-52
359.60003662109375,238.70162963867188,-52
353.5392761230469,240.69912719726563,-64
352.60888671875,240.69912719726563,-64
348.6635437011719,238.79058837890625,-64
343.5959777832031,236.70413208007813,-52
339.61065673828125,236.70413208007813,-52
337.6663513183594,236.70413208007813,-52
337.6663513183594,236.70413208007813,-57
336.67291259765625,238.6356201171875,-57
330.53436279296875,240.69912719726563,-54
327.5361633300781,241.6978759765625,-54
325.6096496582031,240.69912719726563,-54
321.63336181640625,238.65037536621094,-67
315.5670166015625,238.70162963867188,-67
309.4571533203125,238.70162963867188,-67
306.6761169433594,238.70162963867188,-55
304.5509948730469,238.70162963867188,-55
301.7002258300781,239.862060546875,-56
298.6810607910156,238.70162963867188,-56
295.463623046875,239.70037841796875,-56
291.7080383300781,237.20350646972656,-61
290.6869812011719,237.702880859375,-61
288.71038818359375,236.52362060546875,-60
286.66064453125,236.70413208007813,-60
280.596435546875,233.70787048339844,-56
278.7084045410156,233.70787048339844,-56
274.54229736328125,232.70912170410156,-56
271.7010803222656,232.70912170410156,-52
264.7038879394531,231.7103729248047,-52
264.7038879394531,231.7103729248047,-52
263.7298889160156,229.34356689453125,-55
262.7160339355469,229.71286010742188,-55
261.7066345214844,229.71286010742188,-55
259.8741149902344,230.71160888671875,-57
257.7345886230469,231.8008270263672,-57
253.49551391601563,229.71286010742188,-57
251.59515380859375,228.714111328125,-52
249.722412109375,228.714111328125,-52
245.74395751953125,232.57040405273438,-41
232.39370727539063,235.7053680419922,-41
223.29129028320313,238.70162963867188,-41
162.80874633789063,224.71910095214844,-49
162.80874633789063,224.71910095214844,-49
162.80874633789063,224.71910095214844,-49
162.80874633789063,224.71910095214844,-43
162.80874633789063,224.71910095214844,-43
155.7823944091797,233.70787048339844,-43
147.7006072998047,234.7066192626953,-49
144.67828369140625,234.7066192626953,-49
139.72328186035156,238.70162963867188,-49
137.79225158691406,240.69912719726563,-46
136.82904052734375,238.6213836669922,-46
130.3341064453125,237.702880859375,-44
124.83840942382813,235.20599365234375,-44
118.48054504394531,236.70413208007813,-44
112.66403198242188,237.702880859375,-40
108.76068115234375,237.702880859375,-40
104.75126647949219,235.7053680419922,-40
103.83879089355469,235.7053680419922,-44
95.74098205566406,231.59036254882813,-44
91.84231567382813,230.71160888671875,-44
90.86494445800781,229.69789123535156,-37
90.86494445800781,229.69789123535156,-37
90.86494445800781,229.69789123535156,-37
90.86494445800781,229.69789123535156,-44
89.86572265625,231.2109832763672,-44
